planner,generator,difficulty,instance,name,time_taken,expanded_states,plan_length
seq-opt-bjolp,ROCK,0,10,level_00_seed_010,0.44,14,13
seq-opt-bjolp,ROCK,3,0,level_03_seed_000,8.42,76,36
seq-opt-bjolp,ROCK,4,3,level_04_seed_003,7.56,122,50
seq-opt-bjolp,ROCK,2,8,level_02_seed_008,0.12,15,14
seq-opt-bjolp,ROCK,3,5,level_03_seed_005,8.1,77,35
seq-opt-bjolp,ROCK,2,27,level_02_seed_027,1.3,20,14
seq-opt-bjolp,ROCK,3,12,level_03_seed_012,7.56,75,35
seq-opt-bjolp,ROCK,3,27,level_03_seed_027,9.16,65,39
seq-opt-bjolp,ROCK,2,16,level_02_seed_016,0.61,36,16
seq-opt-bjolp,ROCK,4,9,level_04_seed_009,7.43,75,45
seq-opt-bjolp,ROCK,0,19,level_00_seed_019,0.12,15,14
seq-opt-bjolp,ROCK,1,23,level_01_seed_023,0.57,17,14
seq-opt-bjolp,ROCK,2,15,level_02_seed_015,0.96,21,11
seq-opt-bjolp,ROCK,3,28,level_03_seed_028,6.51,98,38
seq-opt-bjolp,ROCK,1,19,level_01_seed_019,0.44,14,13
seq-opt-bjolp,ROCK,2,4,level_02_seed_004,1.41,60,16
seq-opt-bjolp,ROCK,0,8,level_00_seed_008,0.46,14,13
seq-opt-bjolp,ROCK,3,8,level_03_seed_008,8.14,75,41
seq-opt-bjolp,ROCK,2,10,level_02_seed_010,2.11,56,21
seq-opt-bjolp,ROCK,3,7,level_03_seed_007,8.88,96,43
seq-opt-bjolp,ROCK,0,20,level_00_seed_020,0.43,19,9
seq-opt-bjolp,ROCK,2,11,level_02_seed_011,0.46,14,13
seq-opt-bjolp,ROCK,1,16,level_01_seed_016,1.25,32,13
seq-opt-bjolp,ROCK,4,20,level_04_seed_020,7.8,97,44
seq-opt-bjolp,ROCK,0,0,level_00_seed_000,0.45,14,13
seq-opt-bjolp,ROCK,4,19,level_04_seed_019,6.5,95,33
seq-opt-bjolp,ROCK,2,1,level_02_seed_001,0.13,15,14
seq-opt-bjolp,ROCK,3,22,level_03_seed_022,7.65,61,31
seq-opt-bjolp,ROCK,1,28,level_01_seed_028,0.12,15,14
seq-opt-bjolp,ROCK,3,23,level_03_seed_023,6.58,83,41
seq-opt-bjolp,ROCK,1,21,level_01_seed_021,0.62,16,13
seq-opt-bjolp,ROCK,3,20,level_03_seed_020,7.13,72,33
seq-opt-bjolp,ROCK,4,18,level_04_seed_018,7.45,89,46
seq-opt-bjolp,ROCK,4,6,level_04_seed_006,9.54,98,42
seq-opt-bjolp,ROCK,4,22,level_04_seed_022,9.06,101,43
seq-opt-bjolp,ROCK,0,2,level_00_seed_002,0.56,11,10
seq-opt-bjolp,ROCK,0,13,level_00_seed_013,0.13,15,14
seq-opt-bjolp,ROCK,2,14,level_02_seed_014,0.42,14,13
seq-opt-bjolp,ROCK,2,22,level_02_seed_022,0.7,25,17
seq-opt-bjolp,ROCK,2,20,level_02_seed_020,0.88,37,14
seq-opt-bjolp,ROCK,0,12,level_00_seed_012,0.45,14,13
seq-opt-bjolp,ROCK,0,27,level_00_seed_027,0.44,11,10
seq-opt-bjolp,ROCK,4,12,level_04_seed_012,5.16,102,42
seq-opt-bjolp,ROCK,2,28,level_02_seed_028,1.07,15,14
seq-opt-bjolp,ROCK,3,15,level_03_seed_015,7.11,36,25
seq-opt-bjolp,ROCK,1,13,level_01_seed_013,0.31,10,9
seq-opt-bjolp,ROCK,4,1,level_04_seed_001,10.08,48,36
seq-opt-bjolp,ROCK,4,29,level_04_seed_029,8.78,72,33
seq-opt-bjolp,ROCK,3,3,level_03_seed_003,8.97,40,36
seq-opt-bjolp,ROCK,4,24,level_04_seed_024,8.44,95,39
seq-opt-bjolp,ROCK,1,10,level_01_seed_010,0.46,24,16
seq-opt-bjolp,ROCK,0,3,level_00_seed_003,0.13,15,14
seq-opt-bjolp,ROCK,1,9,level_01_seed_009,0.72,14,13
seq-opt-bjolp,ROCK,2,25,level_02_seed_025,0.7,45,14
seq-opt-bjolp,ROCK,4,13,level_04_seed_013,8.2,111,45
seq-opt-bjolp,ROCK,1,25,level_01_seed_025,0.91,39,11
seq-opt-bjolp,ROCK,3,9,level_03_seed_009,5.23,138,34
seq-opt-bjolp,ROCK,0,22,level_00_seed_022,0.44,14,13
seq-opt-bjolp,ROCK,2,26,level_02_seed_026,0.85,31,18
seq-opt-bjolp,ROCK,0,7,level_00_seed_007,0.45,14,13
seq-opt-bjolp,ROCK,0,4,level_00_seed_004,0.44,11,10
seq-opt-bjolp,ROCK,0,26,level_00_seed_026,0.29,10,9
seq-opt-bjolp,ROCK,1,4,level_01_seed_004,0.56,11,10
seq-opt-bjolp,ROCK,1,14,level_01_seed_014,0.13,15,14
seq-opt-bjolp,ROCK,3,13,level_03_seed_013,5.54,110,37
seq-opt-bjolp,ROCK,4,7,level_04_seed_007,6.25,109,32
seq-opt-bjolp,ROCK,1,24,level_01_seed_024,0.47,24,16
seq-opt-bjolp,ROCK,1,5,level_01_seed_005,0.47,11,10
seq-opt-bjolp,ROCK,4,5,level_04_seed_005,7.32,125,48
seq-opt-bjolp,ROCK,3,29,level_03_seed_029,5.35,107,34
seq-opt-bjolp,ROCK,3,2,level_03_seed_002,6.3,95,36
seq-opt-bjolp,ROCK,4,15,level_04_seed_015,9.09,109,41
seq-opt-bjolp,ROCK,0,5,level_00_seed_005,0.31,10,9
seq-opt-bjolp,ROCK,0,9,level_00_seed_009,0.13,15,14
seq-opt-bjolp,ROCK,3,21,level_03_seed_021,8.21,99,40
seq-opt-bjolp,ROCK,2,17,level_02_seed_017,0.13,15,14
seq-opt-bjolp,ROCK,2,19,level_02_seed_019,1.28,52,16
seq-opt-bjolp,ROCK,4,4,level_04_seed_004,5.54,135,32
seq-opt-bjolp,ROCK,0,28,level_00_seed_028,0.31,10,9
seq-opt-bjolp,ROCK,0,21,level_00_seed_021,0.12,15,14
seq-opt-bjolp,ROCK,0,11,level_00_seed_011,0.95,18,6
seq-opt-bjolp,ROCK,3,16,level_03_seed_016,9.44,35,33
seq-opt-bjolp,ROCK,2,24,level_02_seed_024,0.69,30,17
seq-opt-bjolp,ROCK,1,22,level_01_seed_022,0.45,14,13
seq-opt-bjolp,ROCK,3,4,level_03_seed_004,8.12,46,34
seq-opt-bjolp,ROCK,3,11,level_03_seed_011,7.51,55,40
seq-opt-bjolp,ROCK,0,29,level_00_seed_029,0.45,14,13
seq-opt-bjolp,ROCK,3,6,level_03_seed_006,6.95,97,32
seq-opt-bjolp,ROCK,1,3,level_01_seed_003,0.44,14,13
seq-opt-bjolp,ROCK,3,25,level_03_seed_025,7.58,105,44
seq-opt-bjolp,ROCK,2,29,level_02_seed_029,0.13,15,14
seq-opt-bjolp,ROCK,1,12,level_01_seed_012,1.76,42,19
seq-opt-bjolp,ROCK,2,5,level_02_seed_005,1.02,29,21
seq-opt-bjolp,ROCK,4,0,level_04_seed_000,8.4,99,40
seq-opt-bjolp,ROCK,2,23,level_02_seed_023,0.92,16,12
seq-opt-bjolp,ROCK,3,1,level_03_seed_001,6.93,121,44
seq-opt-bjolp,ROCK,4,23,level_04_seed_023,6.43,116,35
seq-opt-bjolp,ROCK,1,11,level_01_seed_011,0.76,32,17
seq-opt-bjolp,ROCK,4,10,level_04_seed_010,7.68,86,34
seq-opt-bjolp,ROCK,2,9,level_02_seed_009,1.89,42,17
seq-opt-bjolp,ROCK,1,26,level_01_seed_026,1.01,32,17
seq-opt-bjolp,ROCK,4,16,level_04_seed_016,8.43,73,39
seq-opt-bjolp,ROCK,1,27,level_01_seed_027,0.77,20,17
seq-opt-bjolp,ROCK,1,29,level_01_seed_029,0.44,14,13
seq-opt-bjolp,ROCK,1,20,level_01_seed_020,0.13,15,14
seq-opt-bjolp,ROCK,1,8,level_01_seed_008,0.12,15,14
seq-opt-bjolp,ROCK,0,15,level_00_seed_015,0.52,11,10
seq-opt-bjolp,ROCK,0,14,level_00_seed_014,0.45,14,13
seq-opt-bjolp,ROCK,1,17,level_01_seed_017,0.45,14,13
seq-opt-bjolp,ROCK,1,7,level_01_seed_007,1.42,56,24
seq-opt-bjolp,ROCK,0,25,level_00_seed_025,0.69,11,6
seq-opt-bjolp,ROCK,3,24,level_03_seed_024,9.84,60,37
seq-opt-bjolp,ROCK,0,24,level_00_seed_024,0.31,10,9
seq-opt-bjolp,ROCK,4,25,level_04_seed_025,8.64,110,39
seq-opt-bjolp,ROCK,0,1,level_00_seed_001,0.45,14,13
seq-opt-bjolp,ROCK,4,27,level_04_seed_027,7.5,96,41
seq-opt-bjolp,ROCK,2,13,level_02_seed_013,1.01,17,15
seq-opt-bjolp,ROCK,2,0,level_02_seed_000,0.13,15,14
seq-opt-bjolp,ROCK,1,6,level_01_seed_006,0.51,15,9
seq-opt-bjolp,ROCK,0,17,level_00_seed_017,0.45,14,13
seq-opt-bjolp,ROCK,3,17,level_03_seed_017,8.87,62,39
seq-opt-bjolp,ROCK,4,26,level_04_seed_026,10.16,98,45
seq-opt-bjolp,ROCK,0,18,level_00_seed_018,0.13,15,14
seq-opt-bjolp,ROCK,3,14,level_03_seed_014,8.13,63,36
seq-opt-bjolp,ROCK,4,28,level_04_seed_028,5.42,120,42
seq-opt-bjolp,ROCK,1,1,level_01_seed_001,0.43,13,12
seq-opt-bjolp,ROCK,2,21,level_02_seed_021,0.14,15,14
seq-opt-bjolp,ROCK,3,18,level_03_seed_018,8.71,75,42
seq-opt-bjolp,ROCK,0,6,level_00_seed_006,0.57,11,10
seq-opt-bjolp,ROCK,0,23,level_00_seed_023,0.59,17,14
seq-opt-bjolp,ROCK,2,7,level_02_seed_007,1.14,22,13
seq-opt-bjolp,ROCK,4,8,level_04_seed_008,9.78,42,36
seq-opt-bjolp,ROCK,0,16,level_00_seed_016,0.13,15,14
seq-opt-bjolp,ROCK,4,17,level_04_seed_017,8.0,119,51
seq-opt-bjolp,ROCK,1,0,level_01_seed_000,0.99,50,15
seq-opt-bjolp,ROCK,4,2,level_04_seed_002,8.96,103,42
seq-opt-bjolp,ROCK,2,3,level_02_seed_003,0.14,15,14
seq-opt-bjolp,ROCK,1,2,level_01_seed_002,0.63,14,13
seq-opt-bjolp,ROCK,1,18,level_01_seed_018,0.47,30,17
seq-opt-bjolp,ROCK,4,11,level_04_seed_011,8.34,77,42
seq-opt-bjolp,ROCK,3,26,level_03_seed_026,8.88,91,43
seq-opt-bjolp,ROCK,2,12,level_02_seed_012,1.26,41,15
seq-opt-bjolp,ROCK,2,18,level_02_seed_018,0.13,15,14
seq-opt-bjolp,ROCK,4,21,level_04_seed_021,8.11,66,35
seq-opt-bjolp,ROCK,3,10,level_03_seed_010,8.1,108,46
seq-opt-bjolp,ROCK,2,6,level_02_seed_006,0.7,25,17
seq-opt-bjolp,ROCK,1,15,level_01_seed_015,0.43,11,10
seq-opt-bjolp,ROCK,2,2,level_02_seed_002,0.47,24,16
seq-opt-bjolp,ROCK,3,19,level_03_seed_019,8.03,75,40
seq-opt-bjolp,ROCK,4,14,level_04_seed_014,7.09,76,41
seq-opt-bjolp,YYTBB,0,10,level_00_seed_010,0.99,41,7
seq-opt-bjolp,YYTBB,3,0,level_03_seed_000,3.32,243,29
seq-opt-bjolp,YYTBB,4,3,level_04_seed_003,3.9,345,35
seq-opt-bjolp,YYTBB,2,8,level_02_seed_008,4.06,120,26
seq-opt-bjolp,YYTBB,3,5,level_03_seed_005,3.24,340,30
seq-opt-bjolp,YYTBB,2,27,level_02_seed_027,6.29,84,17
seq-opt-bjolp,YYTBB,3,12,level_03_seed_012,3.22,264,21
seq-opt-bjolp,YYTBB,3,27,level_03_seed_027,3.11,254,21
seq-opt-bjolp,YYTBB,2,16,level_02_seed_016,4.07,97,32
seq-opt-bjolp,YYTBB,4,9,level_04_seed_009,4.64,324,38
seq-opt-bjolp,YYTBB,0,19,level_00_seed_019,0.97,15,4
seq-opt-bjolp,YYTBB,1,23,level_01_seed_023,2.99,83,14
seq-opt-bjolp,YYTBB,2,15,level_02_seed_015,2.57,109,18
seq-opt-bjolp,YYTBB,3,28,level_03_seed_028,3.22,435,31
seq-opt-bjolp,YYTBB,1,19,level_01_seed_019,4.15,135,19
seq-opt-bjolp,YYTBB,2,4,level_02_seed_004,3.58,140,33
seq-opt-bjolp,YYTBB,0,8,level_00_seed_008,0.96,45,7
seq-opt-bjolp,YYTBB,3,8,level_03_seed_008,3.33,404,32
seq-opt-bjolp,YYTBB,2,10,level_02_seed_010,5.24,114,28
seq-opt-bjolp,YYTBB,3,7,level_03_seed_007,3.35,330,30
seq-opt-bjolp,YYTBB,0,20,level_00_seed_020,1.05,36,6
seq-opt-bjolp,YYTBB,2,11,level_02_seed_011,3.23,173,36
seq-opt-bjolp,YYTBB,1,16,level_01_seed_016,4.54,93,14
seq-opt-bjolp,YYTBB,4,20,level_04_seed_020,4.31,340,31
seq-opt-bjolp,YYTBB,0,0,level_00_seed_000,0.93,46,6
seq-opt-bjolp,YYTBB,4,19,level_04_seed_019,4.34,398,36
seq-opt-bjolp,YYTBB,2,1,level_02_seed_001,6.09,149,21
seq-opt-bjolp,YYTBB,3,22,level_03_seed_022,3.13,277,21
seq-opt-bjolp,YYTBB,1,28,level_01_seed_028,3.4,94,14
seq-opt-bjolp,YYTBB,3,23,level_03_seed_023,3.44,351,33
seq-opt-bjolp,YYTBB,1,21,level_01_seed_021,2.77,115,18
seq-opt-bjolp,YYTBB,3,20,level_03_seed_020,3.13,375,25
seq-opt-bjolp,YYTBB,4,18,level_04_seed_018,4.09,337,33
seq-opt-bjolp,YYTBB,4,6,level_04_seed_006,4.02,342,33
seq-opt-bjolp,YYTBB,4,22,level_04_seed_022,3.88,338,29
seq-opt-bjolp,YYTBB,0,2,level_00_seed_002,0.7,28,6
seq-opt-bjolp,YYTBB,0,13,level_00_seed_013,1.01,44,6
seq-opt-bjolp,YYTBB,2,14,level_02_seed_014,2.71,164,31
seq-opt-bjolp,YYTBB,2,22,level_02_seed_022,6.77,89,20
seq-opt-bjolp,YYTBB,2,20,level_02_seed_020,2.97,114,26
seq-opt-bjolp,YYTBB,0,12,level_00_seed_012,0.68,49,8
seq-opt-bjolp,YYTBB,0,27,level_00_seed_027,1.0,43,7
seq-opt-bjolp,YYTBB,4,12,level_04_seed_012,4.34,315,31
seq-opt-bjolp,YYTBB,2,28,level_02_seed_028,4.17,140,25
seq-opt-bjolp,YYTBB,3,15,level_03_seed_015,3.22,318,31
seq-opt-bjolp,YYTBB,1,13,level_01_seed_013,3.18,128,19
seq-opt-bjolp,YYTBB,4,1,level_04_seed_001,4.51,374,41
seq-opt-bjolp,YYTBB,4,29,level_04_seed_029,3.96,384,41
seq-opt-bjolp,YYTBB,3,3,level_03_seed_003,3.45,284,26
seq-opt-bjolp,YYTBB,4,24,level_04_seed_024,4.18,403,39
seq-opt-bjolp,YYTBB,1,10,level_01_seed_010,3.14,88,13
seq-opt-bjolp,YYTBB,0,3,level_00_seed_003,1.15,29,6
seq-opt-bjolp,YYTBB,1,9,level_01_seed_009,4.79,117,16
seq-opt-bjolp,YYTBB,2,25,level_02_seed_025,4.61,172,28
seq-opt-bjolp,YYTBB,4,13,level_04_seed_013,3.84,418,35
seq-opt-bjolp,YYTBB,1,25,level_01_seed_025,1.91,82,15
seq-opt-bjolp,YYTBB,3,9,level_03_seed_009,3.25,293,25
seq-opt-bjolp,YYTBB,0,22,level_00_seed_022,0.87,37,7
seq-opt-bjolp,YYTBB,2,26,level_02_seed_026,6.08,177,22
seq-opt-bjolp,YYTBB,0,7,level_00_seed_007,0.96,31,6
seq-opt-bjolp,YYTBB,0,4,level_00_seed_004,0.95,43,7
seq-opt-bjolp,YYTBB,0,26,level_00_seed_026,1.09,37,6
seq-opt-bjolp,YYTBB,1,4,level_01_seed_004,4.36,123,17
seq-opt-bjolp,YYTBB,1,14,level_01_seed_014,2.89,126,20
seq-opt-bjolp,YYTBB,3,13,level_03_seed_013,3.3,344,25
seq-opt-bjolp,YYTBB,4,7,level_04_seed_007,4.61,390,37
seq-opt-bjolp,YYTBB,1,24,level_01_seed_024,3.24,72,14
seq-opt-bjolp,YYTBB,1,5,level_01_seed_005,5.08,61,11
seq-opt-bjolp,YYTBB,4,5,level_04_seed_005,4.26,350,30
seq-opt-bjolp,YYTBB,3,29,level_03_seed_029,3.4,303,28
seq-opt-bjolp,YYTBB,3,2,level_03_seed_002,3.37,324,31
seq-opt-bjolp,YYTBB,4,15,level_04_seed_015,4.43,289,30
seq-opt-bjolp,YYTBB,0,5,level_00_seed_005,1.15,43,7
seq-opt-bjolp,YYTBB,0,9,level_00_seed_009,1.3,50,7
seq-opt-bjolp,YYTBB,3,21,level_03_seed_021,3.2,247,23
seq-opt-bjolp,YYTBB,2,17,level_02_seed_017,4.03,93,20
seq-opt-bjolp,YYTBB,2,19,level_02_seed_019,5.41,124,26
seq-opt-bjolp,YYTBB,4,4,level_04_seed_004,4.25,312,33
seq-opt-bjolp,YYTBB,0,28,level_00_seed_028,0.63,21,6
seq-opt-bjolp,YYTBB,0,21,level_00_seed_021,1.23,53,7
seq-opt-bjolp,YYTBB,0,11,level_00_seed_011,1.11,34,6
seq-opt-bjolp,YYTBB,3,16,level_03_seed_016,3.25,297,24
seq-opt-bjolp,YYTBB,2,24,level_02_seed_024,4.71,127,21
seq-opt-bjolp,YYTBB,1,22,level_01_seed_022,3.41,111,18
seq-opt-bjolp,YYTBB,3,4,level_03_seed_004,3.48,225,28
seq-opt-bjolp,YYTBB,3,11,level_03_seed_011,3.33,304,33
seq-opt-bjolp,YYTBB,0,29,level_00_seed_029,0.96,35,6
seq-opt-bjolp,YYTBB,3,6,level_03_seed_006,3.26,367,29
seq-opt-bjolp,YYTBB,1,3,level_01_seed_003,2.67,103,15
seq-opt-bjolp,YYTBB,3,25,level_03_seed_025,3.34,358,28
seq-opt-bjolp,YYTBB,2,29,level_02_seed_029,3.48,95,20
seq-opt-bjolp,YYTBB,1,12,level_01_seed_012,5.47,59,11
seq-opt-bjolp,YYTBB,2,5,level_02_seed_005,2.13,82,16
seq-opt-bjolp,YYTBB,4,0,level_04_seed_000,4.59,409,47
seq-opt-bjolp,YYTBB,2,23,level_02_seed_023,3.52,91,29
seq-opt-bjolp,YYTBB,3,1,level_03_seed_001,3.24,305,31
seq-opt-bjolp,YYTBB,4,23,level_04_seed_023,4.43,354,39
seq-opt-bjolp,YYTBB,1,11,level_01_seed_011,4.01,110,19
seq-opt-bjolp,YYTBB,4,10,level_04_seed_010,4.84,357,40
seq-opt-bjolp,YYTBB,2,9,level_02_seed_009,3.96,151,35
seq-opt-bjolp,YYTBB,1,26,level_01_seed_026,3.49,103,15
seq-opt-bjolp,YYTBB,4,16,level_04_seed_016,3.87,293,31
seq-opt-bjolp,YYTBB,1,27,level_01_seed_027,2.82,98,16
seq-opt-bjolp,YYTBB,1,29,level_01_seed_029,3.39,119,17
seq-opt-bjolp,YYTBB,1,20,level_01_seed_020,3.57,75,13
seq-opt-bjolp,YYTBB,1,8,level_01_seed_008,2.69,114,19
seq-opt-bjolp,YYTBB,0,15,level_00_seed_015,0.85,35,7
seq-opt-bjolp,YYTBB,0,14,level_00_seed_014,0.84,36,8
seq-opt-bjolp,YYTBB,1,17,level_01_seed_017,3.88,134,20
seq-opt-bjolp,YYTBB,1,7,level_01_seed_007,2.4,119,19
seq-opt-bjolp,YYTBB,0,25,level_00_seed_025,0.98,37,6
seq-opt-bjolp,YYTBB,3,24,level_03_seed_024,3.16,293,29
seq-opt-bjolp,YYTBB,0,24,level_00_seed_024,0.82,35,7
seq-opt-bjolp,YYTBB,4,25,level_04_seed_025,4.8,326,37
seq-opt-bjolp,YYTBB,0,1,level_00_seed_001,0.96,30,6
seq-opt-bjolp,YYTBB,4,27,level_04_seed_027,4.04,431,32
seq-opt-bjolp,YYTBB,2,13,level_02_seed_013,6.86,132,19
seq-opt-bjolp,YYTBB,2,0,level_02_seed_000,3.94,148,26
seq-opt-bjolp,YYTBB,1,6,level_01_seed_006,5.68,51,10
seq-opt-bjolp,YYTBB,0,17,level_00_seed_017,0.75,26,6
seq-opt-bjolp,YYTBB,3,17,level_03_seed_017,3.42,230,25
seq-opt-bjolp,YYTBB,4,26,level_04_seed_026,3.78,250,31
seq-opt-bjolp,YYTBB,0,18,level_00_seed_018,1.18,35,6
seq-opt-bjolp,YYTBB,3,14,level_03_seed_014,3.38,331,28
seq-opt-bjolp,YYTBB,4,28,level_04_seed_028,4.42,299,30
seq-opt-bjolp,YYTBB,1,1,level_01_seed_001,3.29,77,12
seq-opt-bjolp,YYTBB,2,21,level_02_seed_021,3.58,129,27
seq-opt-bjolp,YYTBB,3,18,level_03_seed_018,3.33,332,27
seq-opt-bjolp,YYTBB,0,6,level_00_seed_006,1.54,47,7
seq-opt-bjolp,YYTBB,0,23,level_00_seed_023,0.71,25,6
seq-opt-bjolp,YYTBB,2,7,level_02_seed_007,3.68,126,23
seq-opt-bjolp,YYTBB,4,8,level_04_seed_008,4.08,341,32
seq-opt-bjolp,YYTBB,0,16,level_00_seed_016,0.81,34,6
seq-opt-bjolp,YYTBB,4,17,level_04_seed_017,4.59,346,41
seq-opt-bjolp,YYTBB,1,0,level_01_seed_000,3.84,101,16
seq-opt-bjolp,YYTBB,4,2,level_04_seed_002,4.26,269,30
seq-opt-bjolp,YYTBB,2,3,level_02_seed_003,6.2,121,23
seq-opt-bjolp,YYTBB,1,2,level_01_seed_002,3.02,119,17
seq-opt-bjolp,YYTBB,1,18,level_01_seed_018,3.42,92,20
seq-opt-bjolp,YYTBB,4,11,level_04_seed_011,4.37,389,37
seq-opt-bjolp,YYTBB,3,26,level_03_seed_026,3.46,225,28
seq-opt-bjolp,YYTBB,2,12,level_02_seed_012,5.1,130,23
seq-opt-bjolp,YYTBB,2,18,level_02_seed_018,3.36,136,32
seq-opt-bjolp,YYTBB,4,21,level_04_seed_021,3.71,302,31
seq-opt-bjolp,YYTBB,3,10,level_03_seed_010,3.44,294,29
seq-opt-bjolp,YYTBB,2,6,level_02_seed_006,4.96,150,27
seq-opt-bjolp,YYTBB,1,15,level_01_seed_015,2.6,121,20
seq-opt-bjolp,YYTBB,2,2,level_02_seed_002,7.18,157,26
seq-opt-bjolp,YYTBB,3,19,level_03_seed_019,3.32,322,30
seq-opt-bjolp,YYTBB,4,14,level_04_seed_014,4.27,392,38
seq-opt-bjolp,QSAT,0,10,level_00_seed_010,3.95,4886,186
seq-opt-bjolp,QSAT,3,0,level_03_seed_000,3.92,31164,258
seq-opt-bjolp,QSAT,4,3,level_04_seed_003,4.01,17536,194
seq-opt-bjolp,QSAT,2,8,level_02_seed_008,4.0,19142,302
seq-opt-bjolp,QSAT,3,5,level_03_seed_005,3.89,9349,270
seq-opt-bjolp,QSAT,2,27,level_02_seed_027,3.53,12330,502
seq-opt-bjolp,QSAT,3,12,level_03_seed_012,3.8,14639,282
seq-opt-bjolp,QSAT,3,27,level_03_seed_027,3.66,37369,526
seq-opt-bjolp,QSAT,2,16,level_02_seed_016,4.01,36736,294
seq-opt-bjolp,QSAT,4,9,level_04_seed_009,3.98,56058,298
seq-opt-bjolp,QSAT,0,19,level_00_seed_019,4.05,12737,458
seq-opt-bjolp,QSAT,1,23,level_01_seed_023,3.9,16636,442
seq-opt-bjolp,QSAT,2,15,level_02_seed_015,3.62,20189,558
seq-opt-bjolp,QSAT,3,28,level_03_seed_028,3.7,5303,158
seq-opt-bjolp,QSAT,1,19,level_01_seed_019,3.96,16924,230
seq-opt-bjolp,QSAT,2,4,level_02_seed_004,3.76,20839,242
seq-opt-bjolp,QSAT,0,8,level_00_seed_008,4.06,16909,398
seq-opt-bjolp,QSAT,3,8,level_03_seed_008,3.66,7616,262
seq-opt-bjolp,QSAT,2,10,level_02_seed_010,4.05,13203,254
seq-opt-bjolp,QSAT,3,7,level_03_seed_007,4.02,1300,142
seq-opt-bjolp,QSAT,0,20,level_00_seed_020,4.22,2349,122
seq-opt-bjolp,QSAT,2,11,level_02_seed_011,3.8,10602,222
seq-opt-bjolp,QSAT,1,16,level_01_seed_016,4.03,4697,138
seq-opt-bjolp,QSAT,4,20,level_04_seed_020,4.35,185001,310
seq-opt-bjolp,QSAT,0,0,level_00_seed_000,4.13,9601,206
seq-opt-bjolp,QSAT,4,19,level_04_seed_019,3.98,215512,1022
seq-opt-bjolp,QSAT,2,1,level_02_seed_001,3.87,9038,438
seq-opt-bjolp,QSAT,3,22,level_03_seed_022,3.56,9090,162
seq-opt-bjolp,QSAT,1,28,level_01_seed_028,4.18,12558,246
seq-opt-bjolp,QSAT,3,23,level_03_seed_023,3.69,39937,326
seq-opt-bjolp,QSAT,1,21,level_01_seed_021,4.12,2487,130
seq-opt-bjolp,QSAT,3,20,level_03_seed_020,3.63,5897,162
seq-opt-bjolp,QSAT,4,18,level_04_seed_018,4.15,250301,394
seq-opt-bjolp,QSAT,4,6,level_04_seed_006,4.14,92179,306
seq-opt-bjolp,QSAT,4,22,level_04_seed_022,4.25,91306,278
seq-opt-bjolp,QSAT,0,2,level_00_seed_002,4.08,9416,234
seq-opt-bjolp,QSAT,0,13,level_00_seed_013,3.99,9538,438
seq-opt-bjolp,QSAT,2,14,level_02_seed_014,3.57,15065,494
seq-opt-bjolp,QSAT,2,22,level_02_seed_022,4.23,11890,210
seq-opt-bjolp,QSAT,2,20,level_02_seed_020,3.77,2993,138
seq-opt-bjolp,QSAT,0,12,level_00_seed_012,4.21,4038,326
seq-opt-bjolp,QSAT,0,27,level_00_seed_027,4.06,8108,362
seq-opt-bjolp,QSAT,4,12,level_04_seed_012,3.68,37881,526
seq-opt-bjolp,QSAT,2,28,level_02_seed_028,3.68,28584,242
seq-opt-bjolp,QSAT,3,15,level_03_seed_015,3.58,14578,286
seq-opt-bjolp,QSAT,1,13,level_01_seed_013,3.88,9535,238
seq-opt-bjolp,QSAT,4,1,level_04_seed_001,3.95,200220,518
seq-opt-bjolp,QSAT,4,29,level_04_seed_029,3.69,67994,330
seq-opt-bjolp,QSAT,3,3,level_03_seed_003,3.66,8487,514
seq-opt-bjolp,QSAT,4,24,level_04_seed_024,4.22,133852,298
seq-opt-bjolp,QSAT,1,10,level_01_seed_010,3.69,7465,394
seq-opt-bjolp,QSAT,0,3,level_00_seed_003,3.99,14926,646
seq-opt-bjolp,QSAT,1,9,level_01_seed_009,4.24,2236,130
seq-opt-bjolp,QSAT,2,25,level_02_seed_025,3.78,24426,282
seq-opt-bjolp,QSAT,4,13,level_04_seed_013,3.73,17105,190
seq-opt-bjolp,QSAT,1,25,level_01_seed_025,4.14,9520,198
seq-opt-bjolp,QSAT,3,9,level_03_seed_009,3.69,14948,546
seq-opt-bjolp,QSAT,0,22,level_00_seed_022,4.38,2526,122
seq-opt-bjolp,QSAT,2,26,level_02_seed_026,3.62,12081,458
seq-opt-bjolp,QSAT,0,7,level_00_seed_007,4.09,4713,390
seq-opt-bjolp,QSAT,0,4,level_00_seed_004,4.6,1537,118
seq-opt-bjolp,QSAT,0,26,level_00_seed_026,4.52,3280,306
seq-opt-bjolp,QSAT,1,4,level_01_seed_004,4.03,4472,134
seq-opt-bjolp,QSAT,1,14,level_01_seed_014,4.07,18634,262
seq-opt-bjolp,QSAT,3,13,level_03_seed_013,3.81,14047,266
seq-opt-bjolp,QSAT,4,7,level_04_seed_007,4.29,139679,306
seq-opt-bjolp,QSAT,1,24,level_01_seed_024,3.84,28291,270
seq-opt-bjolp,QSAT,1,5,level_01_seed_005,4.24,4792,206
seq-opt-bjolp,QSAT,4,5,level_04_seed_005,4.06,57624,322
seq-opt-bjolp,QSAT,3,29,level_03_seed_029,3.95,4168,154
seq-opt-bjolp,QSAT,3,2,level_03_seed_002,3.76,21598,250
seq-opt-bjolp,QSAT,4,15,level_04_seed_015,3.89,91021,338
seq-opt-bjolp,QSAT,0,5,level_00_seed_005,4.18,9781,210
seq-opt-bjolp,QSAT,0,9,level_00_seed_009,4.08,6907,370
seq-opt-bjolp,QSAT,3,21,level_03_seed_021,3.66,3806,150
seq-opt-bjolp,QSAT,2,17,level_02_seed_017,3.93,23223,298
seq-opt-bjolp,QSAT,2,19,level_02_seed_019,4.0,17045,262
seq-opt-bjolp,QSAT,4,4,level_04_seed_004,3.9,71332,314
seq-opt-bjolp,QSAT,0,28,level_00_seed_028,4.22,4696,198
seq-opt-bjolp,QSAT,0,21,level_00_seed_021,4.27,9811,366
seq-opt-bjolp,QSAT,0,11,level_00_seed_011,4.06,20555,430
seq-opt-bjolp,QSAT,3,16,level_03_seed_016,3.93,3938,154
seq-opt-bjolp,QSAT,2,24,level_02_seed_024,3.64,10193,786
seq-opt-bjolp,QSAT,1,22,level_01_seed_022,4.5,13505,254
seq-opt-bjolp,QSAT,3,4,level_03_seed_004,3.62,35002,314
seq-opt-bjolp,QSAT,3,11,level_03_seed_011,3.58,15861,286
seq-opt-bjolp,QSAT,0,29,level_00_seed_029,3.99,14927,222
seq-opt-bjolp,QSAT,3,6,level_03_seed_006,3.62,34909,290
seq-opt-bjolp,QSAT,1,3,level_01_seed_003,4.37,2252,130
seq-opt-bjolp,QSAT,3,25,level_03_seed_025,3.7,12548,270
seq-opt-bjolp,QSAT,2,29,level_02_seed_029,3.77,39939,582
seq-opt-bjolp,QSAT,1,12,level_01_seed_012,4.05,4527,230
seq-opt-bjolp,QSAT,2,5,level_02_seed_005,3.9,31418,282
seq-opt-bjolp,QSAT,4,0,level_04_seed_000,3.88,64561,346
seq-opt-bjolp,QSAT,2,23,level_02_seed_023,3.99,12902,242
seq-opt-bjolp,QSAT,3,1,level_03_seed_001,3.87,75078,318
seq-opt-bjolp,QSAT,4,23,level_04_seed_023,4.55,313209,374
seq-opt-bjolp,QSAT,1,11,level_01_seed_011,3.94,8396,686
seq-opt-bjolp,QSAT,4,10,level_04_seed_010,4.33,222528,338
seq-opt-bjolp,QSAT,2,9,level_02_seed_009,3.8,23831,214
seq-opt-bjolp,QSAT,1,26,level_01_seed_026,3.91,11434,238
seq-opt-bjolp,QSAT,4,16,level_04_seed_016,3.69,9889,182
seq-opt-bjolp,QSAT,1,27,level_01_seed_027,4.13,14759,254
seq-opt-bjolp,QSAT,1,29,level_01_seed_029,4.02,15401,250
seq-opt-bjolp,QSAT,1,20,level_01_seed_020,3.7,10353,414
seq-opt-bjolp,QSAT,1,8,level_01_seed_008,4.36,7455,234
seq-opt-bjolp,QSAT,0,15,level_00_seed_015,4.17,8831,170
seq-opt-bjolp,QSAT,0,14,level_00_seed_014,4.3,1235,118
seq-opt-bjolp,QSAT,1,17,level_01_seed_017,4.15,3170,130
seq-opt-bjolp,QSAT,1,7,level_01_seed_007,3.92,4982,362
seq-opt-bjolp,QSAT,0,25,level_00_seed_025,3.74,21323,814
seq-opt-bjolp,QSAT,3,24,level_03_seed_024,3.64,16845,266
seq-opt-bjolp,QSAT,0,24,level_00_seed_024,4.21,3166,122
seq-opt-bjolp,QSAT,4,25,level_04_seed_025,3.88,12701,186
seq-opt-bjolp,QSAT,0,1,level_00_seed_001,3.94,9169,378
seq-opt-bjolp,QSAT,4,27,level_04_seed_027,4.51,325768,382
seq-opt-bjolp,QSAT,2,13,level_02_seed_013,3.63,19577,262
seq-opt-bjolp,QSAT,2,0,level_02_seed_000,3.91,8236,222
seq-opt-bjolp,QSAT,1,6,level_01_seed_006,4.07,5205,186
seq-opt-bjolp,QSAT,0,17,level_00_seed_017,4.07,1433,118
seq-opt-bjolp,QSAT,3,17,level_03_seed_017,3.62,13310,250
seq-opt-bjolp,QSAT,4,26,level_04_seed_026,4.32,301093,710
seq-opt-bjolp,QSAT,0,18,level_00_seed_018,4.09,19917,226
seq-opt-bjolp,QSAT,3,14,level_03_seed_014,3.67,6902,474
seq-opt-bjolp,QSAT,4,28,level_04_seed_028,3.79,17834,190
seq-opt-bjolp,QSAT,1,1,level_01_seed_001,4.17,22798,262
seq-opt-bjolp,QSAT,2,21,level_02_seed_021,3.99,28475,278
seq-opt-bjolp,QSAT,3,18,level_03_seed_018,3.7,35759,298
seq-opt-bjolp,QSAT,0,6,level_00_seed_006,3.84,19347,726
seq-opt-bjolp,QSAT,0,23,level_00_seed_023,4.09,8817,414
seq-opt-bjolp,QSAT,2,7,level_02_seed_007,3.88,2562,138
seq-opt-bjolp,QSAT,4,8,level_04_seed_008,4.07,106821,334
seq-opt-bjolp,QSAT,0,16,level_00_seed_016,4.34,8563,170
seq-opt-bjolp,QSAT,4,17,level_04_seed_017,4.0,7303,178
seq-opt-bjolp,QSAT,1,0,level_01_seed_000,4.0,16121,502
seq-opt-bjolp,QSAT,4,2,level_04_seed_002,3.92,108929,346
seq-opt-bjolp,QSAT,2,3,level_02_seed_003,3.56,14192,246
seq-opt-bjolp,QSAT,1,2,level_01_seed_002,4.11,6752,422
seq-opt-bjolp,QSAT,1,18,level_01_seed_018,3.58,14410,238
seq-opt-bjolp,QSAT,4,11,level_04_seed_011,3.87,89942,338
seq-opt-bjolp,QSAT,3,26,level_03_seed_026,4.02,7181,162
seq-opt-bjolp,QSAT,2,12,level_02_seed_012,3.75,24491,490
seq-opt-bjolp,QSAT,2,18,level_02_seed_018,3.73,3590,146
seq-opt-bjolp,QSAT,4,21,level_04_seed_021,4.13,12955,190
seq-opt-bjolp,QSAT,3,10,level_03_seed_010,3.67,33192,326
seq-opt-bjolp,QSAT,2,6,level_02_seed_006,3.63,10155,258
seq-opt-bjolp,QSAT,1,15,level_01_seed_015,4.03,17511,246
seq-opt-bjolp,QSAT,2,2,level_02_seed_002,3.96,7206,210
seq-opt-bjolp,QSAT,3,19,level_03_seed_019,3.65,7502,162
seq-opt-bjolp,QSAT,4,14,level_04_seed_014,4.22,9753,186
seq-opt-bjolp,2007,4,3,level_04_seed_003,3.36,292,33
seq-opt-bjolp,2007,2,8,level_02_seed_008,2.23,38,7
seq-opt-bjolp,2007,3,5,level_03_seed_005,3.3,292,33
seq-opt-bjolp,2007,2,27,level_02_seed_027,2.19,38,7
seq-opt-bjolp,2007,3,12,level_03_seed_012,5.07,245,17
seq-opt-bjolp,2007,3,27,level_03_seed_027,6.41,83,19
seq-opt-bjolp,2007,2,16,level_02_seed_016,2.21,38,7
seq-opt-bjolp,2007,4,9,level_04_seed_009,3.33,292,33
seq-opt-bjolp,2007,0,19,level_00_seed_019,2.2,38,7
seq-opt-bjolp,2007,1,23,level_01_seed_023,5.08,245,17
seq-opt-bjolp,2007,2,15,level_02_seed_015,6.52,83,19
seq-opt-bjolp,2007,3,28,level_03_seed_028,4.11,60,30
seq-opt-bjolp,2007,1,19,level_01_seed_019,6.4,83,19
seq-opt-bjolp,2007,2,4,level_02_seed_004,4.31,60,30
seq-opt-bjolp,2007,0,8,level_00_seed_008,2.22,38,7
seq-opt-bjolp,2007,3,8,level_03_seed_008,3.31,292,33
seq-opt-bjolp,2007,2,10,level_02_seed_010,3.33,292,33
seq-opt-bjolp,2007,3,7,level_03_seed_007,3.38,292,33
seq-opt-bjolp,2007,0,20,level_00_seed_020,2.21,38,7
seq-opt-bjolp,2007,2,11,level_02_seed_011,2.21,38,7
seq-opt-bjolp,2007,1,16,level_01_seed_016,2.23,38,7
seq-opt-bjolp,2007,4,20,level_04_seed_020,6.48,83,19
seq-opt-bjolp,2007,0,0,level_00_seed_000,2.23,38,7
seq-opt-bjolp,2007,4,19,level_04_seed_019,3.28,292,33
seq-opt-bjolp,2007,2,1,level_02_seed_001,3.35,292,33
seq-opt-bjolp,2007,3,22,level_03_seed_022,3.37,292,33
seq-opt-bjolp,2007,1,28,level_01_seed_028,2.22,38,7
seq-opt-bjolp,2007,3,23,level_03_seed_023,3.32,292,33
seq-opt-bjolp,2007,1,21,level_01_seed_021,2.17,38,7
seq-opt-bjolp,2007,3,20,level_03_seed_020,3.36,292,33
seq-opt-bjolp,2007,4,18,level_04_seed_018,6.37,83,19
seq-opt-bjolp,2007,4,6,level_04_seed_006,6.44,83,19
seq-opt-bjolp,2007,4,22,level_04_seed_022,4.11,60,30
seq-opt-bjolp,2007,0,2,level_00_seed_002,6.41,83,19
seq-opt-bjolp,2007,0,13,level_00_seed_013,6.34,83,19
seq-opt-bjolp,2007,2,14,level_02_seed_014,5.03,245,17
seq-opt-bjolp,2007,2,22,level_02_seed_022,2.23,38,7
seq-opt-bjolp,2007,2,20,level_02_seed_020,6.35,83,19
seq-opt-bjolp,2007,0,12,level_00_seed_012,2.22,38,7
seq-opt-bjolp,2007,0,27,level_00_seed_027,5.17,245,17
seq-opt-bjolp,2007,4,12,level_04_seed_012,7.13,103,35
seq-opt-bjolp,2007,2,28,level_02_seed_028,3.38,292,33
seq-opt-bjolp,2007,3,15,level_03_seed_015,7.16,103,35
seq-opt-bjolp,2007,1,13,level_01_seed_013,4.16,60,30
seq-opt-bjolp,2007,4,1,level_04_seed_001,3.36,292,33
seq-opt-bjolp,2007,4,29,level_04_seed_029,3.3,292,33
seq-opt-bjolp,2007,3,3,level_03_seed_003,3.34,292,33
seq-opt-bjolp,2007,4,24,level_04_seed_024,6.45,83,19
seq-opt-bjolp,2007,1,10,level_01_seed_010,4.1,60,30
seq-opt-bjolp,2007,0,3,level_00_seed_003,2.22,38,7
seq-opt-bjolp,2007,1,9,level_01_seed_009,4.15,60,30
seq-opt-bjolp,2007,2,25,level_02_seed_025,5.02,245,17
seq-opt-bjolp,2007,4,13,level_04_seed_013,4.18,60,30
seq-opt-bjolp,2007,1,25,level_01_seed_025,2.21,38,7
seq-opt-bjolp,2007,3,9,level_03_seed_009,7.23,103,35
seq-opt-bjolp,2007,0,22,level_00_seed_022,2.22,38,7
seq-opt-bjolp,2007,2,26,level_02_seed_026,6.44,83,19
seq-opt-bjolp,2007,0,7,level_00_seed_007,2.2,38,7
seq-opt-bjolp,2007,0,4,level_00_seed_004,5.06,245,17
seq-opt-bjolp,2007,0,26,level_00_seed_026,2.18,38,7
seq-opt-bjolp,2007,1,4,level_01_seed_004,5.09,245,17
seq-opt-bjolp,2007,1,14,level_01_seed_014,5.13,245,17
seq-opt-bjolp,2007,3,13,level_03_seed_013,5.08,245,17
seq-opt-bjolp,2007,4,7,level_04_seed_007,6.48,83,19
seq-opt-bjolp,2007,1,24,level_01_seed_024,4.14,60,30
seq-opt-bjolp,2007,1,5,level_01_seed_005,6.42,83,19
seq-opt-bjolp,2007,4,5,level_04_seed_005,3.3,292,33
seq-opt-bjolp,2007,3,29,level_03_seed_029,4.2,60,30
seq-opt-bjolp,2007,3,2,level_03_seed_002,5.3,245,17
seq-opt-bjolp,2007,4,15,level_04_seed_015,7.3,103,35
seq-opt-bjolp,2007,0,5,level_00_seed_005,6.47,83,19
seq-opt-bjolp,2007,0,9,level_00_seed_009,5.17,245,17
seq-opt-bjolp,2007,3,21,level_03_seed_021,7.16,103,35
seq-opt-bjolp,2007,2,17,level_02_seed_017,3.39,292,33
seq-opt-bjolp,2007,2,19,level_02_seed_019,2.24,38,7
seq-opt-bjolp,2007,4,4,level_04_seed_004,6.0,171,44
seq-opt-bjolp,2007,0,28,level_00_seed_028,2.23,38,7
seq-opt-bjolp,2007,0,21,level_00_seed_021,6.49,83,19
seq-opt-bjolp,2007,0,11,level_00_seed_011,5.17,245,17
seq-opt-bjolp,2007,3,16,level_03_seed_016,7.28,103,35
seq-opt-bjolp,2007,2,24,level_02_seed_024,4.24,60,30
seq-opt-bjolp,2007,1,22,level_01_seed_022,6.49,83,19
seq-opt-bjolp,2007,3,4,level_03_seed_004,4.24,60,30
seq-opt-bjolp,2007,3,11,level_03_seed_011,6.57,83,19
seq-opt-bjolp,2007,0,29,level_00_seed_029,5.21,245,17
seq-opt-bjolp,2007,3,6,level_03_seed_006,4.16,60,30
seq-opt-bjolp,2007,1,3,level_01_seed_003,4.17,60,30
seq-opt-bjolp,2007,3,25,level_03_seed_025,7.28,103,35
seq-opt-bjolp,2007,2,29,level_02_seed_029,2.18,38,7
seq-opt-bjolp,2007,1,12,level_01_seed_012,6.64,83,19
seq-opt-bjolp,2007,2,5,level_02_seed_005,6.51,83,19
seq-opt-bjolp,2007,4,0,level_04_seed_000,3.34,292,33
seq-opt-bjolp,2007,2,23,level_02_seed_023,2.24,38,7
seq-opt-bjolp,2007,3,1,level_03_seed_001,6.5,83,19
seq-opt-bjolp,2007,4,23,level_04_seed_023,6.44,83,19
seq-opt-bjolp,2007,1,11,level_01_seed_011,6.49,83,19
seq-opt-bjolp,2007,4,10,level_04_seed_010,6.47,83,19
seq-opt-bjolp,2007,2,9,level_02_seed_009,6.47,83,19
seq-opt-bjolp,2007,1,26,level_01_seed_026,4.15,60,30
seq-opt-bjolp,2007,4,16,level_04_seed_016,6.0,171,44
seq-opt-bjolp,2007,1,27,level_01_seed_027,4.18,60,30
seq-opt-bjolp,2007,1,29,level_01_seed_029,6.49,83,19
seq-opt-bjolp,2007,1,20,level_01_seed_020,2.23,38,7
seq-opt-bjolp,2007,1,8,level_01_seed_008,5.2,245,17
seq-opt-bjolp,2007,0,15,level_00_seed_015,2.22,38,7
seq-opt-bjolp,2007,0,14,level_00_seed_014,6.45,83,19
seq-opt-bjolp,2007,1,17,level_01_seed_017,4.22,60,30
seq-opt-bjolp,2007,1,7,level_01_seed_007,5.27,245,17
seq-opt-bjolp,2007,0,25,level_00_seed_025,2.26,38,7
seq-opt-bjolp,2007,3,24,level_03_seed_024,3.41,292,33
seq-opt-bjolp,2007,0,24,level_00_seed_024,6.5,83,19
seq-opt-bjolp,2007,4,25,level_04_seed_025,6.54,83,19
seq-opt-bjolp,2007,0,1,level_00_seed_001,2.23,38,7
seq-opt-bjolp,2007,4,27,level_04_seed_027,4.23,60,30
seq-opt-bjolp,2007,2,13,level_02_seed_013,4.24,60,30
seq-opt-bjolp,2007,2,0,level_02_seed_000,3.47,292,33
seq-opt-bjolp,2007,1,6,level_01_seed_006,4.28,60,30
seq-opt-bjolp,2007,0,17,level_00_seed_017,6.42,83,19
seq-opt-bjolp,2007,3,17,level_03_seed_017,5.19,245,17
seq-opt-bjolp,2007,4,26,level_04_seed_026,3.29,292,33
seq-opt-bjolp,2007,0,18,level_00_seed_018,5.14,245,17
seq-opt-bjolp,2007,3,14,level_03_seed_014,7.31,103,35
seq-opt-bjolp,2007,4,28,level_04_seed_028,4.23,60,30
seq-opt-bjolp,2007,1,1,level_01_seed_001,4.2,60,30
seq-opt-bjolp,2007,2,21,level_02_seed_021,3.39,292,33
seq-opt-bjolp,2007,3,18,level_03_seed_018,7.31,103,35
seq-opt-bjolp,2007,0,6,level_00_seed_006,5.45,245,17
seq-opt-bjolp,2007,0,23,level_00_seed_023,5.09,245,17
seq-opt-bjolp,2007,2,7,level_02_seed_007,4.14,60,30
seq-opt-bjolp,2007,4,8,level_04_seed_008,3.4,292,33
seq-opt-bjolp,2007,0,16,level_00_seed_016,6.65,83,19
seq-opt-bjolp,2007,4,17,level_04_seed_017,4.23,60,30
seq-opt-bjolp,2007,1,0,level_01_seed_000,5.04,245,17
seq-opt-bjolp,2007,4,2,level_04_seed_002,3.38,292,33
seq-opt-bjolp,2007,2,3,level_02_seed_003,2.23,38,7
seq-opt-bjolp,2007,1,2,level_01_seed_002,5.14,245,17
seq-opt-bjolp,2007,1,18,level_01_seed_018,2.22,38,7
seq-opt-bjolp,2007,4,11,level_04_seed_011,6.53,83,19
seq-opt-bjolp,2007,3,26,level_03_seed_026,5.1,245,17
seq-opt-bjolp,2007,2,12,level_02_seed_012,4.27,60,30
seq-opt-bjolp,2007,2,18,level_02_seed_018,5.11,245,17
seq-opt-bjolp,2007,4,21,level_04_seed_021,6.29,83,19
seq-opt-bjolp,2007,3,10,level_03_seed_010,4.23,60,30
seq-opt-bjolp,2007,2,6,level_02_seed_006,4.18,60,30
seq-opt-bjolp,2007,1,15,level_01_seed_015,6.46,83,19
seq-opt-bjolp,2007,2,2,level_02_seed_002,6.51,83,19
seq-opt-bjolp,2007,3,19,level_03_seed_019,7.16,103,35
seq-opt-bjolp,2007,4,14,level_04_seed_014,3.26,292,33
lama,YYTBB,0,10,level_00_seed_010,0.97,219,8
lama,YYTBB,3,0,level_03_seed_000,3.24,1390,39
lama,YYTBB,4,3,level_04_seed_003,3.95,2376,42
lama,YYTBB,2,8,level_02_seed_008,4.0,585,28
lama,YYTBB,3,5,level_03_seed_005,3.19,2158,45
lama,YYTBB,2,27,level_02_seed_027,6.21,403,17
lama,YYTBB,3,12,level_03_seed_012,3.26,1598,22
lama,YYTBB,3,27,level_03_seed_027,3.1,2115,23
lama,YYTBB,2,16,level_02_seed_016,4.0,568,33
lama,YYTBB,4,9,level_04_seed_009,4.6,2119,48
lama,YYTBB,0,19,level_00_seed_019,0.95,67,4
lama,YYTBB,1,23,level_01_seed_023,2.95,613,15
lama,YYTBB,2,15,level_02_seed_015,2.54,619,18
lama,YYTBB,3,28,level_03_seed_028,3.22,3104,37
lama,YYTBB,1,19,level_01_seed_019,4.15,909,21
lama,YYTBB,2,4,level_02_seed_004,3.55,733,37
lama,YYTBB,0,8,level_00_seed_008,0.95,233,9
lama,YYTBB,3,8,level_03_seed_008,3.33,2367,47
lama,YYTBB,2,10,level_02_seed_010,5.33,763,29
lama,YYTBB,3,7,level_03_seed_007,3.34,1615,35
lama,YYTBB,0,20,level_00_seed_020,1.04,174,6
lama,YYTBB,2,11,level_02_seed_011,3.22,799,41
lama,YYTBB,1,16,level_01_seed_016,4.59,568,19
lama,YYTBB,4,20,level_04_seed_020,4.25,1851,36
lama,YYTBB,0,0,level_00_seed_000,0.91,207,7
lama,YYTBB,4,19,level_04_seed_019,4.22,2470,46
lama,YYTBB,2,1,level_02_seed_001,6.22,739,32
lama,YYTBB,3,22,level_03_seed_022,3.13,1660,23
lama,YYTBB,1,28,level_01_seed_028,3.35,539,16
lama,YYTBB,3,23,level_03_seed_023,3.4,2396,39
lama,YYTBB,1,21,level_01_seed_021,2.73,566,18
lama,YYTBB,3,20,level_03_seed_020,3.08,2093,32
lama,YYTBB,4,18,level_04_seed_018,4.03,1327,39
lama,YYTBB,4,6,level_04_seed_006,4.03,1799,38
lama,YYTBB,4,22,level_04_seed_022,3.85,1972,39
lama,YYTBB,0,2,level_00_seed_002,0.69,132,7
lama,YYTBB,0,13,level_00_seed_013,0.97,219,9
lama,YYTBB,2,14,level_02_seed_014,2.68,1093,39
lama,YYTBB,2,22,level_02_seed_022,6.6,524,20
lama,YYTBB,2,20,level_02_seed_020,2.98,578,26
lama,YYTBB,0,12,level_00_seed_012,0.67,238,10
lama,YYTBB,0,27,level_00_seed_027,0.97,260,13
lama,YYTBB,4,12,level_04_seed_012,4.32,1981,37
lama,YYTBB,2,28,level_02_seed_028,4.15,1032,35
lama,YYTBB,3,15,level_03_seed_015,3.17,1488,40
lama,YYTBB,1,13,level_01_seed_013,3.1,599,20
lama,YYTBB,4,1,level_04_seed_001,4.48,2099,45
lama,YYTBB,4,29,level_04_seed_029,3.91,1749,58
lama,YYTBB,3,3,level_03_seed_003,3.31,2110,27
lama,YYTBB,4,24,level_04_seed_024,4.16,2748,42
lama,YYTBB,1,10,level_01_seed_010,3.06,444,21
lama,YYTBB,0,3,level_00_seed_003,1.11,191,6
lama,YYTBB,1,9,level_01_seed_009,4.66,707,17
lama,YYTBB,2,25,level_02_seed_025,4.43,812,29
lama,YYTBB,4,13,level_04_seed_013,3.78,2973,42
lama,YYTBB,1,25,level_01_seed_025,1.86,420,15
lama,YYTBB,3,9,level_03_seed_009,3.23,1511,36
lama,YYTBB,0,22,level_00_seed_022,0.86,241,7
lama,YYTBB,2,26,level_02_seed_026,5.98,1269,35
lama,YYTBB,0,7,level_00_seed_007,0.96,181,6
lama,YYTBB,0,4,level_00_seed_004,0.94,261,10
lama,YYTBB,0,26,level_00_seed_026,1.06,202,6
lama,YYTBB,1,4,level_01_seed_004,4.25,791,17
lama,YYTBB,1,14,level_01_seed_014,2.85,623,22
lama,YYTBB,3,13,level_03_seed_013,3.26,1361,30
lama,YYTBB,4,7,level_04_seed_007,4.54,2068,56
lama,YYTBB,1,24,level_01_seed_024,3.17,473,16
lama,YYTBB,1,5,level_01_seed_005,4.92,331,11
lama,YYTBB,4,5,level_04_seed_005,4.2,1595,39
lama,YYTBB,3,29,level_03_seed_029,3.3,1586,32
lama,YYTBB,3,2,level_03_seed_002,3.26,2313,34
lama,YYTBB,4,15,level_04_seed_015,4.33,1404,34
lama,YYTBB,0,5,level_00_seed_005,1.14,244,7
lama,YYTBB,0,9,level_00_seed_009,1.26,224,8
lama,YYTBB,3,21,level_03_seed_021,3.16,1177,27
lama,YYTBB,2,17,level_02_seed_017,4.02,672,28
lama,YYTBB,2,19,level_02_seed_019,5.31,585,32
lama,YYTBB,4,4,level_04_seed_004,4.25,2117,37
lama,YYTBB,0,28,level_00_seed_028,0.61,110,6
lama,YYTBB,0,21,level_00_seed_021,1.22,288,7
lama,YYTBB,0,11,level_00_seed_011,1.12,239,6
lama,YYTBB,3,16,level_03_seed_016,3.21,1548,25
lama,YYTBB,2,24,level_02_seed_024,4.65,608,21
lama,YYTBB,1,22,level_01_seed_022,3.32,659,18
lama,YYTBB,3,4,level_03_seed_004,3.35,1760,29
lama,YYTBB,3,11,level_03_seed_011,3.27,1565,51
lama,YYTBB,0,29,level_00_seed_029,0.94,189,6
lama,YYTBB,3,6,level_03_seed_006,3.28,1503,36
lama,YYTBB,1,3,level_01_seed_003,2.63,767,16
lama,YYTBB,3,25,level_03_seed_025,3.36,3469,35
lama,YYTBB,2,29,level_02_seed_029,3.39,442,21
lama,YYTBB,1,12,level_01_seed_012,5.3,422,12
lama,YYTBB,2,5,level_02_seed_005,2.13,392,23
lama,YYTBB,4,0,level_04_seed_000,4.48,1901,69
lama,YYTBB,2,23,level_02_seed_023,3.42,671,35
lama,YYTBB,3,1,level_03_seed_001,3.19,1577,32
lama,YYTBB,4,23,level_04_seed_023,4.35,2242,42
lama,YYTBB,1,11,level_01_seed_011,3.8,491,30
lama,YYTBB,4,10,level_04_seed_010,4.54,2112,43
lama,YYTBB,2,9,level_02_seed_009,3.88,810,35
lama,YYTBB,1,26,level_01_seed_026,3.82,509,16
lama,YYTBB,4,16,level_04_seed_016,3.76,1977,45
lama,YYTBB,1,27,level_01_seed_027,2.84,747,18
lama,YYTBB,1,29,level_01_seed_029,3.36,893,18
lama,YYTBB,1,20,level_01_seed_020,3.51,354,13
lama,YYTBB,1,8,level_01_seed_008,2.68,634,20
lama,YYTBB,0,15,level_00_seed_015,0.82,201,9
lama,YYTBB,0,14,level_00_seed_014,0.79,188,8
lama,YYTBB,1,17,level_01_seed_017,3.83,1051,21
lama,YYTBB,1,7,level_01_seed_007,2.21,834,20
lama,YYTBB,0,25,level_00_seed_025,0.96,152,8
lama,YYTBB,3,24,level_03_seed_024,3.09,1617,42
lama,YYTBB,0,24,level_00_seed_024,0.8,190,11
lama,YYTBB,4,25,level_04_seed_025,4.78,1481,40
lama,YYTBB,0,1,level_00_seed_001,0.94,145,6
lama,YYTBB,4,27,level_04_seed_027,4.02,2251,40
lama,YYTBB,2,13,level_02_seed_013,6.67,709,24
lama,YYTBB,2,0,level_02_seed_000,3.74,818,26
lama,YYTBB,1,6,level_01_seed_006,5.71,315,11
lama,YYTBB,0,17,level_00_seed_017,0.73,158,6
lama,YYTBB,3,17,level_03_seed_017,3.35,1338,26
lama,YYTBB,4,26,level_04_seed_026,3.71,1780,33
lama,YYTBB,0,18,level_00_seed_018,1.16,222,6
lama,YYTBB,3,14,level_03_seed_014,3.29,1596,32
lama,YYTBB,4,28,level_04_seed_028,4.34,1591,31
lama,YYTBB,1,1,level_01_seed_001,3.22,485,12
lama,YYTBB,2,21,level_02_seed_021,3.47,779,27
lama,YYTBB,3,18,level_03_seed_018,3.3,2060,35
lama,YYTBB,0,6,level_00_seed_006,1.51,259,8
lama,YYTBB,0,23,level_00_seed_023,0.7,149,6
lama,YYTBB,2,7,level_02_seed_007,3.68,600,24
lama,YYTBB,4,8,level_04_seed_008,4.08,2308,39
lama,YYTBB,0,16,level_00_seed_016,0.8,180,6
lama,YYTBB,4,17,level_04_seed_017,4.65,1937,55
lama,YYTBB,1,0,level_01_seed_000,3.82,566,17
lama,YYTBB,4,2,level_04_seed_002,4.3,1671,37
lama,YYTBB,2,3,level_02_seed_003,6.09,698,24
lama,YYTBB,1,2,level_01_seed_002,3.04,753,19
lama,YYTBB,1,18,level_01_seed_018,3.35,516,20
lama,YYTBB,4,11,level_04_seed_011,4.3,2577,52
lama,YYTBB,3,26,level_03_seed_026,3.39,1760,29
lama,YYTBB,2,12,level_02_seed_012,5.28,609,23
lama,YYTBB,2,18,level_02_seed_018,3.24,835,37
lama,YYTBB,4,21,level_04_seed_021,3.69,1427,35
lama,YYTBB,3,10,level_03_seed_010,3.34,1594,29
lama,YYTBB,2,6,level_02_seed_006,4.77,747,35
lama,YYTBB,1,15,level_01_seed_015,2.61,621,20
lama,YYTBB,2,2,level_02_seed_002,7.07,1042,27
lama,YYTBB,3,19,level_03_seed_019,3.25,1880,32
lama,YYTBB,4,14,level_04_seed_014,4.21,1685,45
lama,QSAT,0,10,level_00_seed_010,4.17,20011,200
lama,QSAT,3,0,level_03_seed_000,6.15,124816,272
lama,QSAT,4,3,level_04_seed_003,18.89,832937,206
lama,QSAT,2,8,level_02_seed_008,5.21,97579,336
lama,QSAT,3,5,level_03_seed_005,4.45,38802,288
lama,QSAT,2,27,level_02_seed_027,4.4,53437,534
lama,QSAT,3,12,level_03_seed_012,4.58,59555,304
lama,QSAT,3,27,level_03_seed_027,5.94,153033,558
lama,QSAT,2,16,level_02_seed_016,6.22,166185,320
lama,QSAT,4,9,level_04_seed_009,8.27,219737,316
lama,QSAT,0,19,level_00_seed_019,4.69,68983,496
lama,QSAT,1,23,level_01_seed_023,4.87,71088,488
lama,QSAT,2,15,level_02_seed_015,5.12,111167,596
lama,QSAT,3,28,level_03_seed_028,9.55,330884,178
lama,QSAT,1,19,level_01_seed_019,4.63,52093,252
lama,QSAT,2,4,level_02_seed_004,5.19,84331,256
lama,QSAT,0,8,level_00_seed_008,4.96,76893,418
lama,QSAT,3,8,level_03_seed_008,4.1,29510,276
lama,QSAT,2,10,level_02_seed_010,5.07,53188,268
lama,QSAT,3,7,level_03_seed_007,7.23,204250,142
lama,QSAT,0,20,level_00_seed_020,4.86,46734,128
lama,QSAT,2,11,level_02_seed_011,4.48,42761,236
lama,QSAT,1,16,level_01_seed_016,6.09,142579,140
lama,QSAT,4,20,level_04_seed_020,18.78,727976,324
lama,QSAT,0,0,level_00_seed_000,4.67,42797,228
lama,QSAT,4,19,level_04_seed_019,23.61,918972,1060
lama,QSAT,2,1,level_02_seed_001,4.45,39988,462
lama,QSAT,3,22,level_03_seed_022,10.18,409561,180
lama,QSAT,1,28,level_01_seed_028,4.94,57780,256
lama,QSAT,3,23,level_03_seed_023,6.45,182011,340
lama,QSAT,1,21,level_01_seed_021,5.35,84030,138
lama,QSAT,3,20,level_03_seed_020,10.76,441983,166
lama,QSAT,4,18,level_04_seed_018,24.2,1113612,428
lama,QSAT,4,6,level_04_seed_006,10.75,363368,316
lama,QSAT,4,22,level_04_seed_022,11.7,366369,292
lama,QSAT,0,2,level_00_seed_002,4.6,46095,252
lama,QSAT,0,13,level_00_seed_013,4.62,47171,468
lama,QSAT,2,14,level_02_seed_014,4.69,69068,534
lama,QSAT,2,22,level_02_seed_022,4.93,47628,224
lama,QSAT,2,20,level_02_seed_020,5.34,105548,142
lama,QSAT,0,12,level_00_seed_012,4.52,18082,346
lama,QSAT,0,27,level_00_seed_027,4.57,31460,434
lama,QSAT,4,12,level_04_seed_012,7.02,157503,558
lama,QSAT,2,28,level_02_seed_028,5.2,87239,280
lama,QSAT,3,15,level_03_seed_015,4.51,57211,302
lama,QSAT,1,13,level_01_seed_013,4.56,41504,256
lama,QSAT,4,1,level_04_seed_001,16.44,671777,542
lama,QSAT,4,29,level_04_seed_029,9.0,258490,356
lama,QSAT,3,3,level_03_seed_003,4.22,41202,558
lama,QSAT,4,24,level_04_seed_024,15.62,539457,316
lama,QSAT,1,10,level_01_seed_010,4.23,32419,418
lama,QSAT,0,3,level_00_seed_003,4.98,71288,680
lama,QSAT,1,9,level_01_seed_009,5.06,54379,140
lama,QSAT,2,25,level_02_seed_025,5.4,106268,302
lama,QSAT,4,13,level_04_seed_013,71.12,3464070,208
lama,QSAT,1,25,level_01_seed_025,4.46,30196,212
lama,QSAT,3,9,level_03_seed_009,4.73,71871,580
lama,QSAT,0,22,level_00_seed_022,4.83,24204,130
lama,QSAT,2,26,level_02_seed_026,4.35,45175,502
lama,QSAT,0,7,level_00_seed_007,4.45,23995,418
lama,QSAT,0,4,level_00_seed_004,5.33,44278,120
lama,QSAT,0,26,level_00_seed_026,4.78,15086,326
lama,QSAT,1,4,level_01_seed_004,5.32,91630,142
lama,QSAT,1,14,level_01_seed_014,5.01,81436,284
lama,QSAT,3,13,level_03_seed_013,4.71,53770,288
lama,QSAT,4,7,level_04_seed_007,16.33,560914,320
lama,QSAT,1,24,level_01_seed_024,5.06,97282,290
lama,QSAT,1,5,level_01_seed_005,4.53,18041,216
lama,QSAT,4,5,level_04_seed_005,7.81,213184,340
lama,QSAT,3,29,level_03_seed_029,7.1,224803,158
lama,QSAT,3,2,level_03_seed_002,5.34,87139,264
lama,QSAT,4,15,level_04_seed_015,8.24,251418,356
lama,QSAT,0,5,level_00_seed_005,4.76,43115,220
lama,QSAT,0,9,level_00_seed_009,4.42,30371,402
lama,QSAT,3,21,level_03_seed_021,8.26,284729,154
lama,QSAT,2,17,level_02_seed_017,5.41,112549,324
lama,QSAT,2,19,level_02_seed_019,4.63,54584,288
lama,QSAT,4,4,level_04_seed_004,8.79,267547,328
lama,QSAT,0,28,level_00_seed_028,4.52,18133,208
lama,QSAT,0,21,level_00_seed_021,4.64,42074,392
lama,QSAT,0,11,level_00_seed_011,5.42,102813,450
lama,QSAT,3,16,level_03_seed_016,6.56,180268,154
lama,QSAT,2,24,level_02_seed_024,4.44,54064,824
lama,QSAT,1,22,level_01_seed_022,4.6,54413,274
lama,QSAT,3,4,level_03_seed_004,6.13,160373,344
lama,QSAT,3,11,level_03_seed_011,4.76,61558,300
lama,QSAT,0,29,level_00_seed_029,4.87,65873,232
lama,QSAT,3,6,level_03_seed_006,7.02,139060,316
lama,QSAT,1,3,level_01_seed_003,5.24,66375,136
lama,QSAT,3,25,level_03_seed_025,4.32,37876,296
lama,QSAT,2,29,level_02_seed_029,5.34,108051,640
lama,QSAT,1,12,level_01_seed_012,4.36,17879,244
lama,QSAT,2,5,level_02_seed_005,5.92,142797,300
lama,QSAT,4,0,level_04_seed_000,8.93,295173,376
lama,QSAT,2,23,level_02_seed_023,4.93,54195,252
lama,QSAT,3,1,level_03_seed_001,8.73,331390,336
lama,QSAT,4,23,level_04_seed_023,23.7,1059533,418
lama,QSAT,1,11,level_01_seed_011,4.55,45314,724
lama,QSAT,4,10,level_04_seed_010,21.34,896513,348
lama,QSAT,2,9,level_02_seed_009,5.06,73850,228
lama,QSAT,1,26,level_01_seed_026,4.58,52017,258
lama,QSAT,4,16,level_04_seed_016,28.43,1375635,184
lama,QSAT,1,27,level_01_seed_027,4.98,66458,272
lama,QSAT,1,29,level_01_seed_029,4.8,51416,268
lama,QSAT,1,20,level_01_seed_020,4.41,44732,442
lama,QSAT,1,8,level_01_seed_008,4.54,24149,256
lama,QSAT,0,15,level_00_seed_015,4.65,36580,180
lama,QSAT,0,14,level_00_seed_014,5.11,57638,118
lama,QSAT,1,17,level_01_seed_017,5.17,77064,140
lama,QSAT,1,7,level_01_seed_007,4.29,22614,386
lama,QSAT,0,25,level_00_seed_025,5.34,107797,852
lama,QSAT,3,24,level_03_seed_024,4.88,69378,280
lama,QSAT,0,24,level_00_seed_024,4.61,25883,132
lama,QSAT,4,25,level_04_seed_025,23.49,1091753,192
lama,QSAT,0,1,level_00_seed_001,4.63,48881,422
lama,QSAT,4,27,level_04_seed_027,30.29,1481189,412
lama,QSAT,2,13,level_02_seed_013,4.9,65607,288
lama,QSAT,2,0,level_02_seed_000,4.5,36536,236
lama,QSAT,1,6,level_01_seed_006,4.44,21720,196
lama,QSAT,0,17,level_00_seed_017,4.72,45357,124
lama,QSAT,3,17,level_03_seed_017,4.69,53082,268
lama,QSAT,4,26,level_04_seed_026,30.25,1400777,738
lama,QSAT,0,18,level_00_seed_018,5.06,87211,236
lama,QSAT,3,14,level_03_seed_014,4.07,24224,516
lama,QSAT,4,28,level_04_seed_028,39.48,1947190,194
lama,QSAT,1,1,level_01_seed_001,5.48,94932,272
lama,QSAT,2,21,level_02_seed_021,5.58,116581,296
lama,QSAT,3,18,level_03_seed_018,5.58,120702,350
lama,QSAT,0,6,level_00_seed_006,5.14,105370,784
lama,QSAT,0,23,level_00_seed_023,4.62,49630,460
lama,QSAT,2,7,level_02_seed_007,5.06,74087,148
lama,QSAT,4,8,level_04_seed_008,10.46,401711,356
lama,QSAT,0,16,level_00_seed_016,4.94,34387,180
lama,QSAT,4,17,level_04_seed_017,18.38,794330,188
lama,QSAT,1,0,level_01_seed_000,5.06,88018,534
lama,QSAT,4,2,level_04_seed_002,10.68,341417,366
lama,QSAT,2,3,level_02_seed_003,4.63,61926,260
lama,QSAT,1,2,level_01_seed_002,4.44,33263,446
lama,QSAT,1,18,level_01_seed_018,4.49,56597,252
lama,QSAT,4,11,level_04_seed_011,10.1,349532,352
lama,QSAT,3,26,level_03_seed_026,6.73,175016,176
lama,QSAT,2,12,level_02_seed_012,5.51,116437,526
lama,QSAT,2,18,level_02_seed_018,6.61,204201,152
lama,QSAT,4,21,level_04_seed_021,13.61,563259,200
lama,QSAT,3,10,level_03_seed_010,5.52,111135,350
lama,QSAT,2,6,level_02_seed_006,4.27,34625,290
lama,QSAT,1,15,level_01_seed_015,5.05,75426,260
lama,QSAT,2,2,level_02_seed_002,4.4,22771,228
lama,QSAT,3,19,level_03_seed_019,7.89,236340,180
lama,QSAT,4,14,level_04_seed_014,8.97,273980,200
lama,ROCK,0,10,level_00_seed_010,0.45,65,13
lama,ROCK,3,0,level_03_seed_000,8.42,411,36
lama,ROCK,4,3,level_04_seed_003,7.62,682,56
lama,ROCK,2,8,level_02_seed_008,0.13,70,14
lama,ROCK,3,5,level_03_seed_005,7.87,503,35
lama,ROCK,2,27,level_02_seed_027,1.3,102,14
lama,ROCK,3,12,level_03_seed_012,7.61,425,35
lama,ROCK,3,27,level_03_seed_027,9.23,401,39
lama,ROCK,2,16,level_02_seed_016,0.6,176,16
lama,ROCK,4,9,level_04_seed_009,7.43,419,45
lama,ROCK,0,19,level_00_seed_019,0.13,70,14
lama,ROCK,1,23,level_01_seed_023,0.57,88,14
lama,ROCK,2,15,level_02_seed_015,1.0,126,11
lama,ROCK,3,28,level_03_seed_028,6.52,555,38
lama,ROCK,1,19,level_01_seed_019,0.45,65,13
lama,ROCK,2,4,level_02_seed_004,1.39,299,18
lama,ROCK,0,8,level_00_seed_008,0.45,65,13
lama,ROCK,3,8,level_03_seed_008,8.59,484,44
lama,ROCK,2,10,level_02_seed_010,2.07,263,25
lama,ROCK,3,7,level_03_seed_007,9.01,483,49
lama,ROCK,0,20,level_00_seed_020,0.43,85,9
lama,ROCK,2,11,level_02_seed_011,0.45,65,13
lama,ROCK,1,16,level_01_seed_016,1.26,174,15
lama,ROCK,4,20,level_04_seed_020,7.85,587,48
lama,ROCK,0,0,level_00_seed_000,0.45,65,13
lama,ROCK,4,19,level_04_seed_019,6.54,522,39
lama,ROCK,2,1,level_02_seed_001,0.13,70,14
lama,ROCK,3,22,level_03_seed_022,7.6,311,31
lama,ROCK,1,28,level_01_seed_028,0.14,70,14
lama,ROCK,3,23,level_03_seed_023,6.46,473,41
lama,ROCK,1,21,level_01_seed_021,0.58,93,13
lama,ROCK,3,20,level_03_seed_020,7.14,362,33
lama,ROCK,4,18,level_04_seed_018,7.46,407,46
lama,ROCK,4,6,level_04_seed_006,9.78,490,42
lama,ROCK,4,22,level_04_seed_022,8.84,473,47
lama,ROCK,0,2,level_00_seed_002,0.56,50,10
lama,ROCK,0,13,level_00_seed_013,0.13,70,14
lama,ROCK,2,14,level_02_seed_014,0.45,65,13
lama,ROCK,2,22,level_02_seed_022,0.69,143,17
lama,ROCK,2,20,level_02_seed_020,0.87,185,14
lama,ROCK,0,12,level_00_seed_012,0.44,65,13
lama,ROCK,0,27,level_00_seed_027,0.43,50,10
lama,ROCK,4,12,level_04_seed_012,5.28,515,42
lama,ROCK,2,28,level_02_seed_028,1.03,91,14
lama,ROCK,3,15,level_03_seed_015,7.12,189,25
lama,ROCK,1,13,level_01_seed_013,0.3,45,9
lama,ROCK,4,1,level_04_seed_001,10.07,280,36
lama,ROCK,4,29,level_04_seed_029,8.72,446,33
lama,ROCK,3,3,level_03_seed_003,8.75,211,36
lama,ROCK,4,24,level_04_seed_024,8.38,493,39
lama,ROCK,1,10,level_01_seed_010,0.46,138,16
lama,ROCK,0,3,level_00_seed_003,0.14,70,14
lama,ROCK,1,9,level_01_seed_009,0.7,73,13
lama,ROCK,2,25,level_02_seed_025,0.69,218,14
lama,ROCK,4,13,level_04_seed_013,8.1,854,46
lama,ROCK,1,25,level_01_seed_025,0.9,188,11
lama,ROCK,3,9,level_03_seed_009,5.26,730,34
lama,ROCK,0,22,level_00_seed_022,0.45,65,13
lama,ROCK,2,26,level_02_seed_026,0.84,163,18
lama,ROCK,0,7,level_00_seed_007,0.43,65,13
lama,ROCK,0,4,level_00_seed_004,0.43,50,10
lama,ROCK,0,26,level_00_seed_026,0.31,45,9
lama,ROCK,1,4,level_01_seed_004,0.56,50,10
lama,ROCK,1,14,level_01_seed_014,0.14,70,14
lama,ROCK,3,13,level_03_seed_013,5.46,542,37
lama,ROCK,4,7,level_04_seed_007,6.41,540,32
lama,ROCK,1,24,level_01_seed_024,0.46,138,16
lama,ROCK,1,5,level_01_seed_005,0.47,50,10
lama,ROCK,4,5,level_04_seed_005,7.45,829,49
lama,ROCK,3,29,level_03_seed_029,5.37,623,34
lama,ROCK,3,2,level_03_seed_002,6.29,455,38
lama,ROCK,4,15,level_04_seed_015,7.18,568,41
lama,ROCK,0,5,level_00_seed_005,0.3,45,9
lama,ROCK,0,9,level_00_seed_009,0.12,70,14
lama,ROCK,3,21,level_03_seed_021,8.03,544,40
lama,ROCK,2,17,level_02_seed_017,0.14,70,14
lama,ROCK,2,19,level_02_seed_019,1.27,297,20
lama,ROCK,4,4,level_04_seed_004,5.56,655,33
lama,ROCK,0,28,level_00_seed_028,0.3,45,9
lama,ROCK,0,21,level_00_seed_021,0.13,70,14
lama,ROCK,0,11,level_00_seed_011,0.98,76,6
lama,ROCK,3,16,level_03_seed_016,9.31,181,33
lama,ROCK,2,24,level_02_seed_024,0.68,159,17
lama,ROCK,1,22,level_01_seed_022,0.45,65,13
lama,ROCK,3,4,level_03_seed_004,8.03,235,34
lama,ROCK,3,11,level_03_seed_011,7.6,269,40
lama,ROCK,0,29,level_00_seed_029,0.44,65,13
lama,ROCK,3,6,level_03_seed_006,6.84,474,32
lama,ROCK,1,3,level_01_seed_003,0.44,65,13
lama,ROCK,3,25,level_03_seed_025,7.41,530,50
lama,ROCK,2,29,level_02_seed_029,0.13,70,14
lama,ROCK,1,12,level_01_seed_012,1.75,215,19
lama,ROCK,2,5,level_02_seed_005,0.99,142,21
lama,ROCK,4,0,level_04_seed_000,8.17,524,40
lama,ROCK,2,23,level_02_seed_023,0.89,72,12
lama,ROCK,3,1,level_03_seed_001,6.94,782,47
lama,ROCK,4,23,level_04_seed_023,6.28,566,35
lama,ROCK,1,11,level_01_seed_011,0.77,193,17
lama,ROCK,4,10,level_04_seed_010,7.51,476,34
lama,ROCK,2,9,level_02_seed_009,1.96,231,17
lama,ROCK,1,26,level_01_seed_026,1.0,186,17
lama,ROCK,4,16,level_04_seed_016,8.26,358,39
lama,ROCK,1,27,level_01_seed_027,0.77,103,17
lama,ROCK,1,29,level_01_seed_029,0.44,65,13
lama,ROCK,1,20,level_01_seed_020,0.13,70,14
lama,ROCK,1,8,level_01_seed_008,0.13,70,14
lama,ROCK,0,15,level_00_seed_015,0.53,50,10
lama,ROCK,0,14,level_00_seed_014,0.45,65,13
lama,ROCK,1,17,level_01_seed_017,0.45,65,13
lama,ROCK,1,7,level_01_seed_007,1.4,264,24
lama,ROCK,0,25,level_00_seed_025,0.66,50,6
lama,ROCK,3,24,level_03_seed_024,9.83,356,37
lama,ROCK,0,24,level_00_seed_024,0.31,45,9
lama,ROCK,4,25,level_04_seed_025,8.63,597,39
lama,ROCK,0,1,level_00_seed_001,0.45,65,13
lama,ROCK,4,27,level_04_seed_027,7.46,454,41
lama,ROCK,2,13,level_02_seed_013,1.01,83,15
lama,ROCK,2,0,level_02_seed_000,0.14,70,14
lama,ROCK,1,6,level_01_seed_006,0.5,69,9
lama,ROCK,0,17,level_00_seed_017,0.44,65,13
lama,ROCK,3,17,level_03_seed_017,9.04,406,39
lama,ROCK,4,26,level_04_seed_026,9.76,617,48
lama,ROCK,0,18,level_00_seed_018,0.13,70,14
lama,ROCK,3,14,level_03_seed_014,8.07,322,36
lama,ROCK,4,28,level_04_seed_028,5.27,614,42
lama,ROCK,1,1,level_01_seed_001,0.43,68,12
lama,ROCK,2,21,level_02_seed_021,0.14,70,14
lama,ROCK,3,18,level_03_seed_018,8.45,427,49
lama,ROCK,0,6,level_00_seed_006,0.56,50,10
lama,ROCK,0,23,level_00_seed_023,0.58,88,14
lama,ROCK,2,7,level_02_seed_007,1.1,112,13
lama,ROCK,4,8,level_04_seed_008,9.67,216,36
lama,ROCK,0,16,level_00_seed_016,0.12,70,14
lama,ROCK,4,17,level_04_seed_017,7.86,765,53
lama,ROCK,1,0,level_01_seed_000,0.97,264,15
lama,ROCK,4,2,level_04_seed_002,8.78,510,42
lama,ROCK,2,3,level_02_seed_003,0.13,70,14
lama,ROCK,1,2,level_01_seed_002,0.63,77,13
lama,ROCK,1,18,level_01_seed_018,0.47,158,17
lama,ROCK,4,11,level_04_seed_011,8.35,379,42
lama,ROCK,3,26,level_03_seed_026,8.97,633,49
lama,ROCK,2,12,level_02_seed_012,1.26,211,15
lama,ROCK,2,18,level_02_seed_018,0.13,70,14
lama,ROCK,4,21,level_04_seed_021,7.99,459,35
lama,ROCK,3,10,level_03_seed_010,8.19,475,52
lama,ROCK,2,6,level_02_seed_006,0.68,143,17
lama,ROCK,1,15,level_01_seed_015,0.42,50,10
lama,ROCK,2,2,level_02_seed_002,0.49,138,16
lama,ROCK,3,19,level_03_seed_019,7.89,384,40
lama,ROCK,4,14,level_04_seed_014,7.13,378,41
lama,2007,0,10,level_00_seed_010,5.11,1292,19
lama,2007,3,0,level_03_seed_000,4.18,278,30
lama,2007,4,3,level_04_seed_003,3.36,1637,33
lama,2007,2,8,level_02_seed_008,2.18,239,7
lama,2007,3,5,level_03_seed_005,3.28,1637,33
lama,2007,2,27,level_02_seed_027,2.19,239,7
lama,2007,3,12,level_03_seed_012,5.07,1292,19
lama,2007,3,27,level_03_seed_027,6.35,482,19
lama,2007,2,16,level_02_seed_016,2.17,239,7
lama,2007,4,9,level_04_seed_009,3.31,1637,33
lama,2007,0,19,level_00_seed_019,2.17,239,7
lama,2007,1,23,level_01_seed_023,5.09,1292,19
lama,2007,2,15,level_02_seed_015,6.36,482,19
lama,2007,3,28,level_03_seed_028,4.08,278,30
lama,2007,1,19,level_01_seed_019,6.34,482,19
lama,2007,2,4,level_02_seed_004,4.12,278,30
lama,2007,0,8,level_00_seed_008,2.18,239,7
lama,2007,3,8,level_03_seed_008,3.35,1637,33
lama,2007,2,10,level_02_seed_010,3.37,1637,33
lama,2007,3,7,level_03_seed_007,3.33,1637,33
lama,2007,0,20,level_00_seed_020,2.21,239,7
lama,2007,2,11,level_02_seed_011,2.22,239,7
lama,2007,1,16,level_01_seed_016,2.22,239,7
lama,2007,4,20,level_04_seed_020,6.33,482,19
lama,2007,0,0,level_00_seed_000,2.19,239,7
lama,2007,4,19,level_04_seed_019,3.33,1637,33
lama,2007,2,1,level_02_seed_001,3.3,1637,33
lama,2007,3,22,level_03_seed_022,3.31,1637,33
lama,2007,1,28,level_01_seed_028,2.21,239,7
lama,2007,3,23,level_03_seed_023,3.35,1637,33
lama,2007,1,21,level_01_seed_021,2.24,239,7
lama,2007,3,20,level_03_seed_020,3.33,1637,33
lama,2007,4,18,level_04_seed_018,6.37,482,19
lama,2007,4,6,level_04_seed_006,6.39,482,19
lama,2007,4,22,level_04_seed_022,4.26,278,30
lama,2007,0,2,level_00_seed_002,6.49,482,19
lama,2007,0,13,level_00_seed_013,6.34,482,19
lama,2007,2,14,level_02_seed_014,5.07,1292,19
lama,2007,2,22,level_02_seed_022,2.23,239,7
lama,2007,2,20,level_02_seed_020,6.36,482,19
lama,2007,0,12,level_00_seed_012,2.19,239,7
lama,2007,0,27,level_00_seed_027,5.09,1292,19
lama,2007,4,12,level_04_seed_012,7.1,673,43
lama,2007,2,28,level_02_seed_028,3.33,1637,33
lama,2007,3,15,level_03_seed_015,7.19,673,43
lama,2007,1,13,level_01_seed_013,4.1,278,30
lama,2007,4,1,level_04_seed_001,3.35,1637,33
lama,2007,4,29,level_04_seed_029,3.36,1637,33
lama,2007,3,3,level_03_seed_003,3.37,1637,33
lama,2007,4,24,level_04_seed_024,6.4,482,19
lama,2007,1,10,level_01_seed_010,4.1,278,30
lama,2007,0,3,level_00_seed_003,2.18,239,7
lama,2007,1,9,level_01_seed_009,4.16,278,30
lama,2007,2,25,level_02_seed_025,5.06,1292,19
lama,2007,4,13,level_04_seed_013,4.21,278,30
lama,2007,1,25,level_01_seed_025,2.19,239,7
lama,2007,3,9,level_03_seed_009,7.32,673,43
lama,2007,0,22,level_00_seed_022,2.23,239,7
lama,2007,2,26,level_02_seed_026,6.45,482,19
lama,2007,0,7,level_00_seed_007,2.18,239,7
lama,2007,0,4,level_00_seed_004,5.11,1292,19
lama,2007,0,26,level_00_seed_026,2.22,239,7
lama,2007,1,4,level_01_seed_004,5.14,1292,19
lama,2007,1,14,level_01_seed_014,5.01,1292,19
lama,2007,3,13,level_03_seed_013,5.09,1292,19
lama,2007,4,7,level_04_seed_007,6.52,482,19
lama,2007,1,24,level_01_seed_024,4.14,278,30
lama,2007,1,5,level_01_seed_005,6.7,482,19
lama,2007,4,5,level_04_seed_005,3.4,1637,33
lama,2007,3,29,level_03_seed_029,4.17,278,30
lama,2007,3,2,level_03_seed_002,5.1,1292,19
lama,2007,4,15,level_04_seed_015,7.21,673,43
lama,2007,0,5,level_00_seed_005,6.41,482,19
lama,2007,0,9,level_00_seed_009,5.1,1292,19
lama,2007,3,21,level_03_seed_021,7.08,673,43
lama,2007,2,17,level_02_seed_017,3.31,1637,33
lama,2007,2,19,level_02_seed_019,2.17,239,7
lama,2007,4,4,level_04_seed_004,5.89,903,63
lama,2007,0,28,level_00_seed_028,2.24,239,7
lama,2007,0,21,level_00_seed_021,6.28,482,19
lama,2007,0,11,level_00_seed_011,5.06,1292,19
lama,2007,3,16,level_03_seed_016,7.1,673,43
lama,2007,2,24,level_02_seed_024,4.14,278,30
lama,2007,1,22,level_01_seed_022,6.4,482,19
lama,2007,3,4,level_03_seed_004,4.12,278,30
lama,2007,3,11,level_03_seed_011,6.4,482,19
lama,2007,0,29,level_00_seed_029,5.02,1292,19
lama,2007,3,6,level_03_seed_006,4.12,278,30
lama,2007,1,3,level_01_seed_003,4.11,278,30
lama,2007,3,25,level_03_seed_025,7.12,673,43
lama,2007,2,29,level_02_seed_029,2.2,239,7
lama,2007,1,12,level_01_seed_012,6.32,482,19
lama,2007,2,5,level_02_seed_005,6.3,482,19
lama,2007,4,0,level_04_seed_000,3.34,1637,33
lama,2007,2,23,level_02_seed_023,2.18,239,7
lama,2007,3,1,level_03_seed_001,6.37,482,19
lama,2007,4,23,level_04_seed_023,6.33,482,19
lama,2007,1,11,level_01_seed_011,6.33,482,19
lama,2007,4,10,level_04_seed_010,6.34,482,19
lama,2007,2,9,level_02_seed_009,6.34,482,19
lama,2007,1,26,level_01_seed_026,4.09,278,30
lama,2007,4,16,level_04_seed_016,5.82,903,63
lama,2007,1,27,level_01_seed_027,4.08,278,30
lama,2007,1,29,level_01_seed_029,6.3,482,19
lama,2007,1,20,level_01_seed_020,2.18,239,7
lama,2007,1,8,level_01_seed_008,5.09,1292,19
lama,2007,0,15,level_00_seed_015,2.21,239,7
lama,2007,0,14,level_00_seed_014,6.32,482,19
lama,2007,1,17,level_01_seed_017,4.11,278,30
lama,2007,1,7,level_01_seed_007,5.07,1292,19
lama,2007,0,25,level_00_seed_025,2.19,239,7
lama,2007,3,24,level_03_seed_024,3.32,1637,33
lama,2007,0,24,level_00_seed_024,6.42,482,19
lama,2007,4,25,level_04_seed_025,6.36,482,19
lama,2007,0,1,level_00_seed_001,2.18,239,7
lama,2007,4,27,level_04_seed_027,4.38,278,30
lama,2007,2,13,level_02_seed_013,4.11,278,30
lama,2007,2,0,level_02_seed_000,3.41,1637,33
lama,2007,1,6,level_01_seed_006,4.23,278,30
lama,2007,0,17,level_00_seed_017,6.42,482,19
lama,2007,3,17,level_03_seed_017,5.07,1292,19
lama,2007,4,26,level_04_seed_026,3.36,1637,33
lama,2007,0,18,level_00_seed_018,5.11,1292,19
lama,2007,3,14,level_03_seed_014,7.13,673,43
lama,2007,4,28,level_04_seed_028,4.12,278,30
lama,2007,1,1,level_01_seed_001,4.17,278,30
lama,2007,2,21,level_02_seed_021,3.37,1637,33
lama,2007,3,18,level_03_seed_018,7.09,673,43
lama,2007,0,6,level_00_seed_006,5.13,1292,19
lama,2007,0,23,level_00_seed_023,5.04,1292,19
lama,2007,2,7,level_02_seed_007,4.13,278,30
lama,2007,4,8,level_04_seed_008,3.38,1637,33
lama,2007,0,16,level_00_seed_016,6.38,482,19
lama,2007,4,17,level_04_seed_017,4.14,278,30
lama,2007,1,0,level_01_seed_000,5.08,1292,19
lama,2007,4,2,level_04_seed_002,3.34,1637,33
lama,2007,2,3,level_02_seed_003,2.18,239,7
lama,2007,1,2,level_01_seed_002,5.04,1292,19
lama,2007,1,18,level_01_seed_018,2.22,239,7
lama,2007,4,11,level_04_seed_011,6.36,482,19
lama,2007,3,26,level_03_seed_026,5.02,1292,19
lama,2007,2,12,level_02_seed_012,4.18,278,30
lama,2007,2,18,level_02_seed_018,5.1,1292,19
lama,2007,4,21,level_04_seed_021,6.44,482,19
lama,2007,3,10,level_03_seed_010,4.08,278,30
lama,2007,2,6,level_02_seed_006,4.13,278,30
lama,2007,1,15,level_01_seed_015,6.39,482,19
lama,2007,2,2,level_02_seed_002,6.3,482,19
lama,2007,3,19,level_03_seed_019,7.16,673,43
lama,2007,4,14,level_04_seed_014,3.28,1637,33
seq-sat-fdss-2023,2007,0,10,level_00_seed_010,5.07,38,19
seq-sat-fdss-2023,2007,3,0,level_03_seed_000,4.12,43,30
seq-sat-fdss-2023,2007,4,3,level_04_seed_003,3.29,116,33
seq-sat-fdss-2023,2007,2,8,level_02_seed_008,2.22,11,8
seq-sat-fdss-2023,2007,3,5,level_03_seed_005,3.39,116,33
seq-sat-fdss-2023,2007,2,27,level_02_seed_027,2.23,11,8
seq-sat-fdss-2023,2007,3,12,level_03_seed_012,5.02,38,19
seq-sat-fdss-2023,2007,3,27,level_03_seed_027,6.34,39,19
seq-sat-fdss-2023,2007,2,16,level_02_seed_016,2.27,11,8
seq-sat-fdss-2023,2007,4,9,level_04_seed_009,3.43,116,33
seq-sat-fdss-2023,2007,0,19,level_00_seed_019,2.17,11,8
seq-sat-fdss-2023,2007,1,23,level_01_seed_023,5.17,38,19
seq-sat-fdss-2023,2007,2,15,level_02_seed_015,6.42,39,19
seq-sat-fdss-2023,2007,3,28,level_03_seed_028,4.12,43,30
seq-sat-fdss-2023,2007,1,19,level_01_seed_019,7.35,39,19
seq-sat-fdss-2023,2007,2,4,level_02_seed_004,4.1,43,30
seq-sat-fdss-2023,2007,0,8,level_00_seed_008,2.2,11,8
seq-sat-fdss-2023,2007,3,8,level_03_seed_008,3.32,116,33
seq-sat-fdss-2023,2007,2,10,level_02_seed_010,3.38,116,33
seq-sat-fdss-2023,2007,3,7,level_03_seed_007,3.25,116,33
seq-sat-fdss-2023,2007,0,20,level_00_seed_020,2.21,11,8
seq-sat-fdss-2023,2007,2,11,level_02_seed_011,2.22,11,8
seq-sat-fdss-2023,2007,1,16,level_01_seed_016,2.2,11,8
seq-sat-fdss-2023,2007,4,20,level_04_seed_020,6.27,39,19
seq-sat-fdss-2023,2007,0,0,level_00_seed_000,2.19,11,8
seq-sat-fdss-2023,2007,4,19,level_04_seed_019,3.29,116,33
seq-sat-fdss-2023,2007,2,1,level_02_seed_001,3.29,116,33
seq-sat-fdss-2023,2007,3,22,level_03_seed_022,3.42,116,33
seq-sat-fdss-2023,2007,1,28,level_01_seed_028,2.22,11,8
seq-sat-fdss-2023,2007,3,23,level_03_seed_023,3.29,116,33
seq-sat-fdss-2023,2007,1,21,level_01_seed_021,2.23,11,8
seq-sat-fdss-2023,2007,3,20,level_03_seed_020,3.28,116,33
seq-sat-fdss-2023,2007,4,18,level_04_seed_018,6.46,39,19
seq-sat-fdss-2023,2007,4,6,level_04_seed_006,6.32,39,19
seq-sat-fdss-2023,2007,4,22,level_04_seed_022,4.16,43,30
seq-sat-fdss-2023,2007,0,2,level_00_seed_002,6.34,39,19
seq-sat-fdss-2023,2007,0,13,level_00_seed_013,6.26,39,19
seq-sat-fdss-2023,2007,2,14,level_02_seed_014,5.0,38,19
seq-sat-fdss-2023,2007,2,22,level_02_seed_022,2.19,11,8
seq-sat-fdss-2023,2007,2,20,level_02_seed_020,6.3,39,19
seq-sat-fdss-2023,2007,0,12,level_00_seed_012,2.22,11,8
seq-sat-fdss-2023,2007,0,27,level_00_seed_027,5.17,38,19
seq-sat-fdss-2023,2007,4,12,level_04_seed_012,7.04,83,39
seq-sat-fdss-2023,2007,2,28,level_02_seed_028,3.29,116,33
seq-sat-fdss-2023,2007,3,15,level_03_seed_015,7.06,83,39
seq-sat-fdss-2023,2007,1,13,level_01_seed_013,4.12,43,30
seq-sat-fdss-2023,2007,4,1,level_04_seed_001,3.31,116,33
seq-sat-fdss-2023,2007,4,29,level_04_seed_029,3.33,116,33
seq-sat-fdss-2023,2007,3,3,level_03_seed_003,4.07,116,33
seq-sat-fdss-2023,2007,4,24,level_04_seed_024,6.28,39,19
seq-sat-fdss-2023,2007,1,10,level_01_seed_010,4.11,43,30
seq-sat-fdss-2023,2007,0,3,level_00_seed_003,2.2,11,8
seq-sat-fdss-2023,2007,1,9,level_01_seed_009,4.16,43,30
seq-sat-fdss-2023,2007,2,25,level_02_seed_025,5.07,38,19
seq-sat-fdss-2023,2007,4,13,level_04_seed_013,4.14,43,30
seq-sat-fdss-2023,2007,1,25,level_01_seed_025,2.19,11,8
seq-sat-fdss-2023,2007,3,9,level_03_seed_009,7.08,83,39
seq-sat-fdss-2023,2007,0,22,level_00_seed_022,2.17,11,8
seq-sat-fdss-2023,2007,2,26,level_02_seed_026,6.39,39,19
seq-sat-fdss-2023,2007,0,7,level_00_seed_007,2.18,11,8
seq-sat-fdss-2023,2007,0,4,level_00_seed_004,4.94,38,19
seq-sat-fdss-2023,2007,0,26,level_00_seed_026,2.17,11,8
seq-sat-fdss-2023,2007,1,4,level_01_seed_004,5.04,38,19
seq-sat-fdss-2023,2007,1,14,level_01_seed_014,5.08,38,19
seq-sat-fdss-2023,2007,3,13,level_03_seed_013,5.14,38,19
seq-sat-fdss-2023,2007,4,7,level_04_seed_007,6.32,39,19
seq-sat-fdss-2023,2007,1,24,level_01_seed_024,4.12,43,30
seq-sat-fdss-2023,2007,1,5,level_01_seed_005,6.31,39,19
seq-sat-fdss-2023,2007,4,5,level_04_seed_005,3.3,116,33
seq-sat-fdss-2023,2007,3,29,level_03_seed_029,4.13,43,30
seq-sat-fdss-2023,2007,3,2,level_03_seed_002,5.08,38,19
seq-sat-fdss-2023,2007,4,15,level_04_seed_015,7.87,83,39
seq-sat-fdss-2023,2007,0,5,level_00_seed_005,6.35,39,19
seq-sat-fdss-2023,2007,0,9,level_00_seed_009,5.02,38,19
seq-sat-fdss-2023,2007,3,21,level_03_seed_021,7.18,83,39
seq-sat-fdss-2023,2007,2,17,level_02_seed_017,3.31,116,33
seq-sat-fdss-2023,2007,2,19,level_02_seed_019,2.17,11,8
seq-sat-fdss-2023,2007,4,4,level_04_seed_004,5.82,167,62
seq-sat-fdss-2023,2007,0,28,level_00_seed_028,2.23,11,8
seq-sat-fdss-2023,2007,0,21,level_00_seed_021,6.36,39,19
seq-sat-fdss-2023,2007,0,11,level_00_seed_011,5.08,38,19
seq-sat-fdss-2023,2007,3,16,level_03_seed_016,7.48,83,39
seq-sat-fdss-2023,2007,2,24,level_02_seed_024,4.09,43,30
seq-sat-fdss-2023,2007,1,22,level_01_seed_022,6.33,39,19
seq-sat-fdss-2023,2007,3,4,level_03_seed_004,4.12,43,30
seq-sat-fdss-2023,2007,3,11,level_03_seed_011,6.35,39,19
seq-sat-fdss-2023,2007,0,29,level_00_seed_029,5.03,38,19
seq-sat-fdss-2023,2007,3,6,level_03_seed_006,4.14,43,30
seq-sat-fdss-2023,2007,1,3,level_01_seed_003,4.15,43,30
seq-sat-fdss-2023,2007,3,25,level_03_seed_025,7.31,83,39
seq-sat-fdss-2023,2007,2,29,level_02_seed_029,2.26,11,8
seq-sat-fdss-2023,2007,1,12,level_01_seed_012,6.36,39,19
seq-sat-fdss-2023,2007,2,5,level_02_seed_005,6.37,39,19
seq-sat-fdss-2023,2007,4,0,level_04_seed_000,3.38,116,33
seq-sat-fdss-2023,2007,2,23,level_02_seed_023,2.2,11,8
seq-sat-fdss-2023,2007,3,1,level_03_seed_001,6.32,39,19
seq-sat-fdss-2023,2007,4,23,level_04_seed_023,6.37,39,19
seq-sat-fdss-2023,2007,1,11,level_01_seed_011,6.67,39,19
seq-sat-fdss-2023,2007,4,10,level_04_seed_010,6.45,39,19
seq-sat-fdss-2023,2007,2,9,level_02_seed_009,6.39,39,19
seq-sat-fdss-2023,2007,1,26,level_01_seed_026,4.22,43,30
seq-sat-fdss-2023,2007,4,16,level_04_seed_016,5.87,167,62
seq-sat-fdss-2023,2007,1,27,level_01_seed_027,4.09,43,30
seq-sat-fdss-2023,2007,1,29,level_01_seed_029,6.47,39,19
seq-sat-fdss-2023,2007,1,20,level_01_seed_020,2.17,11,8
seq-sat-fdss-2023,2007,1,8,level_01_seed_008,5.09,38,19
seq-sat-fdss-2023,2007,0,15,level_00_seed_015,2.2,11,8
seq-sat-fdss-2023,2007,0,14,level_00_seed_014,6.41,39,19
seq-sat-fdss-2023,2007,1,17,level_01_seed_017,4.15,43,30
seq-sat-fdss-2023,2007,1,7,level_01_seed_007,5.43,38,19
seq-sat-fdss-2023,2007,0,25,level_00_seed_025,2.23,11,8
seq-sat-fdss-2023,2007,3,24,level_03_seed_024,3.38,116,33
seq-sat-fdss-2023,2007,0,24,level_00_seed_024,6.29,39,19
seq-sat-fdss-2023,2007,4,25,level_04_seed_025,6.39,39,19
seq-sat-fdss-2023,2007,0,1,level_00_seed_001,2.21,11,8
seq-sat-fdss-2023,2007,4,27,level_04_seed_027,4.17,43,30
seq-sat-fdss-2023,2007,2,13,level_02_seed_013,4.13,43,30
seq-sat-fdss-2023,2007,2,0,level_02_seed_000,3.36,116,33
seq-sat-fdss-2023,2007,1,6,level_01_seed_006,4.1,43,30
seq-sat-fdss-2023,2007,0,17,level_00_seed_017,6.42,39,19
seq-sat-fdss-2023,2007,3,17,level_03_seed_017,5.02,38,19
seq-sat-fdss-2023,2007,4,26,level_04_seed_026,3.37,116,33
seq-sat-fdss-2023,2007,0,18,level_00_seed_018,5.08,38,19
seq-sat-fdss-2023,2007,3,14,level_03_seed_014,7.06,83,39
seq-sat-fdss-2023,2007,4,28,level_04_seed_028,4.15,43,30
seq-sat-fdss-2023,2007,1,1,level_01_seed_001,4.09,43,30
seq-sat-fdss-2023,2007,2,21,level_02_seed_021,3.32,116,33
seq-sat-fdss-2023,2007,3,18,level_03_seed_018,7.06,83,39
seq-sat-fdss-2023,2007,0,6,level_00_seed_006,5.15,38,19
seq-sat-fdss-2023,2007,0,23,level_00_seed_023,5.03,38,19
seq-sat-fdss-2023,2007,2,7,level_02_seed_007,4.2,43,30
seq-sat-fdss-2023,2007,4,8,level_04_seed_008,3.33,116,33
seq-sat-fdss-2023,2007,0,16,level_00_seed_016,6.29,39,19
seq-sat-fdss-2023,2007,4,17,level_04_seed_017,4.21,43,30
seq-sat-fdss-2023,2007,1,0,level_01_seed_000,5.03,38,19
seq-sat-fdss-2023,2007,4,2,level_04_seed_002,3.29,116,33
seq-sat-fdss-2023,2007,2,3,level_02_seed_003,2.2,11,8
seq-sat-fdss-2023,2007,1,2,level_01_seed_002,5.01,38,19
seq-sat-fdss-2023,2007,1,18,level_01_seed_018,2.19,11,8
seq-sat-fdss-2023,2007,4,11,level_04_seed_011,6.43,39,19
seq-sat-fdss-2023,2007,3,26,level_03_seed_026,5.13,38,19
seq-sat-fdss-2023,2007,2,12,level_02_seed_012,4.17,43,30
seq-sat-fdss-2023,2007,2,18,level_02_seed_018,5.07,38,19
seq-sat-fdss-2023,2007,4,21,level_04_seed_021,6.34,39,19
seq-sat-fdss-2023,2007,3,10,level_03_seed_010,4.13,43,30
seq-sat-fdss-2023,2007,2,6,level_02_seed_006,4.17,43,30
seq-sat-fdss-2023,2007,1,15,level_01_seed_015,6.44,39,19
seq-sat-fdss-2023,2007,2,2,level_02_seed_002,6.32,39,19
seq-sat-fdss-2023,2007,3,19,level_03_seed_019,7.12,83,39
seq-sat-fdss-2023,2007,4,14,level_04_seed_014,3.3,116,33
seq-sat-fdss-2023,YYTBB,0,10,level_00_seed_010,1.0,20,7
seq-sat-fdss-2023,YYTBB,3,0,level_03_seed_000,3.23,107,39
seq-sat-fdss-2023,YYTBB,4,3,level_04_seed_003,3.86,150,43
seq-sat-fdss-2023,YYTBB,2,8,level_02_seed_008,4.1,47,28
seq-sat-fdss-2023,YYTBB,3,5,level_03_seed_005,3.2,140,41
seq-sat-fdss-2023,YYTBB,2,27,level_02_seed_027,6.44,27,17
seq-sat-fdss-2023,YYTBB,3,12,level_03_seed_012,3.15,50,23
seq-sat-fdss-2023,YYTBB,3,27,level_03_seed_027,3.02,99,23
seq-sat-fdss-2023,YYTBB,2,16,level_02_seed_016,3.97,60,33
seq-sat-fdss-2023,YYTBB,4,9,level_04_seed_009,4.58,117,48
seq-sat-fdss-2023,YYTBB,0,19,level_00_seed_019,0.96,13,4
seq-sat-fdss-2023,YYTBB,1,23,level_01_seed_023,2.94,47,15
seq-sat-fdss-2023,YYTBB,2,15,level_02_seed_015,2.52,32,18
seq-sat-fdss-2023,YYTBB,3,28,level_03_seed_028,3.19,197,38
seq-sat-fdss-2023,YYTBB,1,19,level_01_seed_019,4.15,104,21
seq-sat-fdss-2023,YYTBB,2,4,level_02_seed_004,3.56,92,37
seq-sat-fdss-2023,YYTBB,0,8,level_00_seed_008,0.96,35,12
seq-sat-fdss-2023,YYTBB,3,8,level_03_seed_008,3.24,207,45
seq-sat-fdss-2023,YYTBB,2,10,level_02_seed_010,5.3,86,29
seq-sat-fdss-2023,YYTBB,3,7,level_03_seed_007,3.28,118,35
seq-sat-fdss-2023,YYTBB,0,20,level_00_seed_020,1.03,23,6
seq-sat-fdss-2023,YYTBB,2,11,level_02_seed_011,3.22,101,40
seq-sat-fdss-2023,YYTBB,1,16,level_01_seed_016,4.5,40,19
seq-sat-fdss-2023,YYTBB,4,20,level_04_seed_020,4.18,94,41
seq-sat-fdss-2023,YYTBB,0,0,level_00_seed_000,1.0,25,6
seq-sat-fdss-2023,YYTBB,4,19,level_04_seed_019,4.19,154,48
seq-sat-fdss-2023,YYTBB,2,1,level_02_seed_001,6.05,85,23
seq-sat-fdss-2023,YYTBB,3,22,level_03_seed_022,3.06,58,23
seq-sat-fdss-2023,YYTBB,1,28,level_01_seed_028,3.32,54,15
seq-sat-fdss-2023,YYTBB,3,23,level_03_seed_023,3.3,229,39
seq-sat-fdss-2023,YYTBB,1,21,level_01_seed_021,2.77,74,18
seq-sat-fdss-2023,YYTBB,3,20,level_03_seed_020,3.01,193,36
seq-sat-fdss-2023,YYTBB,4,18,level_04_seed_018,3.96,63,36
seq-sat-fdss-2023,YYTBB,4,6,level_04_seed_006,3.97,171,47
seq-sat-fdss-2023,YYTBB,4,22,level_04_seed_022,3.78,66,37
seq-sat-fdss-2023,YYTBB,0,2,level_00_seed_002,0.7,15,9
seq-sat-fdss-2023,YYTBB,0,13,level_00_seed_013,0.99,28,9
seq-sat-fdss-2023,YYTBB,2,14,level_02_seed_014,2.65,69,39
seq-sat-fdss-2023,YYTBB,2,22,level_02_seed_022,6.68,24,20
seq-sat-fdss-2023,YYTBB,2,20,level_02_seed_020,3.02,66,26
seq-sat-fdss-2023,YYTBB,0,12,level_00_seed_012,0.67,31,9
seq-sat-fdss-2023,YYTBB,0,27,level_00_seed_027,0.97,31,7
seq-sat-fdss-2023,YYTBB,4,12,level_04_seed_012,4.27,70,38
seq-sat-fdss-2023,YYTBB,2,28,level_02_seed_028,4.15,57,35
seq-sat-fdss-2023,YYTBB,3,15,level_03_seed_015,3.15,119,35
seq-sat-fdss-2023,YYTBB,1,13,level_01_seed_013,3.18,53,20
seq-sat-fdss-2023,YYTBB,4,1,level_04_seed_001,4.46,197,44
seq-sat-fdss-2023,YYTBB,4,29,level_04_seed_029,3.96,171,59
seq-sat-fdss-2023,YYTBB,3,3,level_03_seed_003,3.29,144,26
seq-sat-fdss-2023,YYTBB,4,24,level_04_seed_024,4.15,197,51
seq-sat-fdss-2023,YYTBB,1,10,level_01_seed_010,3.06,48,21
seq-sat-fdss-2023,YYTBB,0,3,level_00_seed_003,1.11,16,11
seq-sat-fdss-2023,YYTBB,1,9,level_01_seed_009,4.67,89,17
seq-sat-fdss-2023,YYTBB,2,25,level_02_seed_025,4.53,89,28
seq-sat-fdss-2023,YYTBB,4,13,level_04_seed_013,3.82,178,46
seq-sat-fdss-2023,YYTBB,1,25,level_01_seed_025,1.9,48,15
seq-sat-fdss-2023,YYTBB,3,9,level_03_seed_009,3.2,127,36
seq-sat-fdss-2023,YYTBB,0,22,level_00_seed_022,0.84,41,7
seq-sat-fdss-2023,YYTBB,2,26,level_02_seed_026,5.98,87,35
seq-sat-fdss-2023,YYTBB,0,7,level_00_seed_007,0.93,15,6
seq-sat-fdss-2023,YYTBB,0,4,level_00_seed_004,0.97,46,10
seq-sat-fdss-2023,YYTBB,0,26,level_00_seed_026,1.07,15,6
seq-sat-fdss-2023,YYTBB,1,4,level_01_seed_004,4.23,82,17
seq-sat-fdss-2023,YYTBB,1,14,level_01_seed_014,2.91,87,22
seq-sat-fdss-2023,YYTBB,3,13,level_03_seed_013,3.32,114,30
seq-sat-fdss-2023,YYTBB,4,7,level_04_seed_007,4.55,166,52
seq-sat-fdss-2023,YYTBB,1,24,level_01_seed_024,3.21,33,15
seq-sat-fdss-2023,YYTBB,1,5,level_01_seed_005,4.96,16,11
seq-sat-fdss-2023,YYTBB,4,5,level_04_seed_005,4.21,93,40
seq-sat-fdss-2023,YYTBB,3,29,level_03_seed_029,3.39,80,33
seq-sat-fdss-2023,YYTBB,3,2,level_03_seed_002,3.25,199,37
seq-sat-fdss-2023,YYTBB,4,15,level_04_seed_015,4.25,49,30
seq-sat-fdss-2023,YYTBB,0,5,level_00_seed_005,1.14,26,9
seq-sat-fdss-2023,YYTBB,0,9,level_00_seed_009,1.26,31,10
seq-sat-fdss-2023,YYTBB,3,21,level_03_seed_021,3.24,49,23
seq-sat-fdss-2023,YYTBB,2,17,level_02_seed_017,4.01,45,29
seq-sat-fdss-2023,YYTBB,2,19,level_02_seed_019,5.3,65,26
seq-sat-fdss-2023,YYTBB,4,4,level_04_seed_004,4.17,75,37
seq-sat-fdss-2023,YYTBB,0,28,level_00_seed_028,0.69,15,6
seq-sat-fdss-2023,YYTBB,0,21,level_00_seed_021,1.22,23,7
seq-sat-fdss-2023,YYTBB,0,11,level_00_seed_011,1.12,10,7
seq-sat-fdss-2023,YYTBB,3,16,level_03_seed_016,3.2,133,25
seq-sat-fdss-2023,YYTBB,2,24,level_02_seed_024,4.65,28,21
seq-sat-fdss-2023,YYTBB,1,22,level_01_seed_022,3.34,45,23
seq-sat-fdss-2023,YYTBB,3,4,level_03_seed_004,3.43,94,29
seq-sat-fdss-2023,YYTBB,3,11,level_03_seed_011,3.32,152,50
seq-sat-fdss-2023,YYTBB,0,29,level_00_seed_029,0.96,11,6
seq-sat-fdss-2023,YYTBB,3,6,level_03_seed_006,3.19,153,38
seq-sat-fdss-2023,YYTBB,1,3,level_01_seed_003,2.67,40,17
seq-sat-fdss-2023,YYTBB,3,25,level_03_seed_025,3.33,160,47
seq-sat-fdss-2023,YYTBB,2,29,level_02_seed_029,3.42,46,21
seq-sat-fdss-2023,YYTBB,1,12,level_01_seed_012,5.35,21,12
seq-sat-fdss-2023,YYTBB,2,5,level_02_seed_005,2.1,35,23
seq-sat-fdss-2023,YYTBB,4,0,level_04_seed_000,4.5,188,57
seq-sat-fdss-2023,YYTBB,2,23,level_02_seed_023,3.47,69,35
seq-sat-fdss-2023,YYTBB,3,1,level_03_seed_001,3.16,124,35
seq-sat-fdss-2023,YYTBB,4,23,level_04_seed_023,4.31,127,42
seq-sat-fdss-2023,YYTBB,1,11,level_01_seed_011,3.81,83,28
seq-sat-fdss-2023,YYTBB,4,10,level_04_seed_010,4.55,93,43
seq-sat-fdss-2023,YYTBB,2,9,level_02_seed_009,3.88,75,35
seq-sat-fdss-2023,YYTBB,1,26,level_01_seed_026,3.37,35,15
seq-sat-fdss-2023,YYTBB,4,16,level_04_seed_016,3.78,110,45
seq-sat-fdss-2023,YYTBB,1,27,level_01_seed_027,2.92,49,18
seq-sat-fdss-2023,YYTBB,1,29,level_01_seed_029,3.39,73,18
seq-sat-fdss-2023,YYTBB,1,20,level_01_seed_020,3.58,20,13
seq-sat-fdss-2023,YYTBB,1,8,level_01_seed_008,2.68,72,19
seq-sat-fdss-2023,YYTBB,0,15,level_00_seed_015,0.84,28,9
seq-sat-fdss-2023,YYTBB,0,14,level_00_seed_014,0.81,37,8
seq-sat-fdss-2023,YYTBB,1,17,level_01_seed_017,3.93,104,25
seq-sat-fdss-2023,YYTBB,1,7,level_01_seed_007,2.24,73,20
seq-sat-fdss-2023,YYTBB,0,25,level_00_seed_025,0.94,22,13
seq-sat-fdss-2023,YYTBB,3,24,level_03_seed_024,3.09,167,39
seq-sat-fdss-2023,YYTBB,0,24,level_00_seed_024,0.82,44,10
seq-sat-fdss-2023,YYTBB,4,25,level_04_seed_025,4.78,137,41
seq-sat-fdss-2023,YYTBB,0,1,level_00_seed_001,0.96,22,11
seq-sat-fdss-2023,YYTBB,4,27,level_04_seed_027,3.93,216,41
seq-sat-fdss-2023,YYTBB,2,13,level_02_seed_013,6.69,44,24
seq-sat-fdss-2023,YYTBB,2,0,level_02_seed_000,3.72,80,26
seq-sat-fdss-2023,YYTBB,1,6,level_01_seed_006,5.6,20,11
seq-sat-fdss-2023,YYTBB,0,17,level_00_seed_017,0.74,13,6
seq-sat-fdss-2023,YYTBB,3,17,level_03_seed_017,3.36,93,25
seq-sat-fdss-2023,YYTBB,4,26,level_04_seed_026,3.73,76,33
seq-sat-fdss-2023,YYTBB,0,18,level_00_seed_018,1.17,8,6
seq-sat-fdss-2023,YYTBB,3,14,level_03_seed_014,3.31,119,32
seq-sat-fdss-2023,YYTBB,4,28,level_04_seed_028,4.29,75,30
seq-sat-fdss-2023,YYTBB,1,1,level_01_seed_001,3.24,26,12
seq-sat-fdss-2023,YYTBB,2,21,level_02_seed_021,3.74,70,27
seq-sat-fdss-2023,YYTBB,3,18,level_03_seed_018,3.31,203,32
seq-sat-fdss-2023,YYTBB,0,6,level_00_seed_006,1.51,22,7
seq-sat-fdss-2023,YYTBB,0,23,level_00_seed_023,0.7,9,6
seq-sat-fdss-2023,YYTBB,2,7,level_02_seed_007,3.65,42,24
seq-sat-fdss-2023,YYTBB,4,8,level_04_seed_008,4.13,89,34
seq-sat-fdss-2023,YYTBB,0,16,level_00_seed_016,0.8,34,10
seq-sat-fdss-2023,YYTBB,4,17,level_04_seed_017,4.53,196,56
seq-sat-fdss-2023,YYTBB,1,0,level_01_seed_000,3.73,52,17
seq-sat-fdss-2023,YYTBB,4,2,level_04_seed_002,4.21,74,41
seq-sat-fdss-2023,YYTBB,2,3,level_02_seed_003,6.08,31,24
seq-sat-fdss-2023,YYTBB,1,2,level_01_seed_002,3.0,69,19
seq-sat-fdss-2023,YYTBB,1,18,level_01_seed_018,3.35,44,26
seq-sat-fdss-2023,YYTBB,4,11,level_04_seed_011,4.26,175,53
seq-sat-fdss-2023,YYTBB,3,26,level_03_seed_026,3.34,94,29
seq-sat-fdss-2023,YYTBB,2,12,level_02_seed_012,4.96,49,23
seq-sat-fdss-2023,YYTBB,2,18,level_02_seed_018,3.29,72,41
seq-sat-fdss-2023,YYTBB,4,21,level_04_seed_021,3.69,73,31
seq-sat-fdss-2023,YYTBB,3,10,level_03_seed_010,3.36,66,29
seq-sat-fdss-2023,YYTBB,2,6,level_02_seed_006,4.8,73,35
seq-sat-fdss-2023,YYTBB,1,15,level_01_seed_015,2.58,44,24
seq-sat-fdss-2023,YYTBB,2,2,level_02_seed_002,7.02,63,28
seq-sat-fdss-2023,YYTBB,3,19,level_03_seed_019,3.2,106,32
seq-sat-fdss-2023,YYTBB,4,14,level_04_seed_014,4.22,169,46
seq-sat-fdss-2023,ROCK,0,10,level_00_seed_010,0.45,13,13
seq-sat-fdss-2023,ROCK,3,0,level_03_seed_000,8.33,45,39
seq-sat-fdss-2023,ROCK,4,3,level_04_seed_003,7.42,95,56
seq-sat-fdss-2023,ROCK,2,8,level_02_seed_008,0.13,14,14
seq-sat-fdss-2023,ROCK,3,5,level_03_seed_005,7.93,42,35
seq-sat-fdss-2023,ROCK,2,27,level_02_seed_027,1.28,14,14
seq-sat-fdss-2023,ROCK,3,12,level_03_seed_012,7.46,43,35
seq-sat-fdss-2023,ROCK,3,27,level_03_seed_027,9.07,49,39
seq-sat-fdss-2023,ROCK,2,16,level_02_seed_016,0.58,25,16
seq-sat-fdss-2023,ROCK,4,9,level_04_seed_009,7.3,79,45
seq-sat-fdss-2023,ROCK,0,19,level_00_seed_019,0.13,14,14
seq-sat-fdss-2023,ROCK,1,23,level_01_seed_023,0.57,16,14
seq-sat-fdss-2023,ROCK,2,15,level_02_seed_015,1.0,19,11
seq-sat-fdss-2023,ROCK,3,28,level_03_seed_028,6.52,90,38
seq-sat-fdss-2023,ROCK,1,19,level_01_seed_019,0.45,13,13
seq-sat-fdss-2023,ROCK,2,4,level_02_seed_004,1.38,26,18
seq-sat-fdss-2023,ROCK,0,8,level_00_seed_008,0.45,13,13
seq-sat-fdss-2023,ROCK,3,8,level_03_seed_008,8.15,56,44
seq-sat-fdss-2023,ROCK,2,10,level_02_seed_010,2.02,42,25
seq-sat-fdss-2023,ROCK,3,7,level_03_seed_007,8.8,82,49
seq-sat-fdss-2023,ROCK,0,20,level_00_seed_020,0.44,13,9
seq-sat-fdss-2023,ROCK,2,11,level_02_seed_011,0.44,13,13
seq-sat-fdss-2023,ROCK,1,16,level_01_seed_016,1.24,13,13
seq-sat-fdss-2023,ROCK,4,20,level_04_seed_020,7.67,81,48
seq-sat-fdss-2023,ROCK,0,0,level_00_seed_000,0.43,13,13
seq-sat-fdss-2023,ROCK,4,19,level_04_seed_019,6.44,75,39
seq-sat-fdss-2023,ROCK,2,1,level_02_seed_001,0.13,14,14
seq-sat-fdss-2023,ROCK,3,22,level_03_seed_022,7.66,38,31
seq-sat-fdss-2023,ROCK,1,28,level_01_seed_028,0.14,14,14
seq-sat-fdss-2023,ROCK,3,23,level_03_seed_023,6.38,82,41
seq-sat-fdss-2023,ROCK,1,21,level_01_seed_021,0.57,18,13
seq-sat-fdss-2023,ROCK,3,20,level_03_seed_020,7.23,40,33
seq-sat-fdss-2023,ROCK,4,18,level_04_seed_018,7.42,63,46
seq-sat-fdss-2023,ROCK,4,6,level_04_seed_006,9.71,74,42
seq-sat-fdss-2023,ROCK,4,22,level_04_seed_022,8.8,73,47
seq-sat-fdss-2023,ROCK,0,2,level_00_seed_002,0.55,10,10
seq-sat-fdss-2023,ROCK,0,13,level_00_seed_013,0.12,14,14
seq-sat-fdss-2023,ROCK,2,14,level_02_seed_014,0.44,13,13
seq-sat-fdss-2023,ROCK,2,22,level_02_seed_022,0.69,27,17
seq-sat-fdss-2023,ROCK,2,20,level_02_seed_020,0.89,18,14
seq-sat-fdss-2023,ROCK,0,12,level_00_seed_012,0.44,13,13
seq-sat-fdss-2023,ROCK,0,27,level_00_seed_027,0.43,10,10
seq-sat-fdss-2023,ROCK,4,12,level_04_seed_012,5.25,73,42
seq-sat-fdss-2023,ROCK,2,28,level_02_seed_028,1.04,17,14
seq-sat-fdss-2023,ROCK,3,15,level_03_seed_015,6.96,28,25
seq-sat-fdss-2023,ROCK,1,13,level_01_seed_013,0.3,9,9
seq-sat-fdss-2023,ROCK,4,1,level_04_seed_001,9.95,44,36
seq-sat-fdss-2023,ROCK,4,29,level_04_seed_029,8.94,52,33
seq-sat-fdss-2023,ROCK,3,3,level_03_seed_003,8.77,39,36
seq-sat-fdss-2023,ROCK,4,24,level_04_seed_024,8.34,49,39
seq-sat-fdss-2023,ROCK,1,10,level_01_seed_010,0.46,26,16
seq-sat-fdss-2023,ROCK,0,3,level_00_seed_003,0.12,14,14
seq-sat-fdss-2023,ROCK,1,9,level_01_seed_009,0.71,14,13
seq-sat-fdss-2023,ROCK,2,25,level_02_seed_025,0.7,29,14
seq-sat-fdss-2023,ROCK,4,13,level_04_seed_013,8.13,70,46
seq-sat-fdss-2023,ROCK,1,25,level_01_seed_025,0.89,12,11
seq-sat-fdss-2023,ROCK,3,9,level_03_seed_009,5.2,64,34
seq-sat-fdss-2023,ROCK,0,22,level_00_seed_022,0.45,13,13
seq-sat-fdss-2023,ROCK,2,26,level_02_seed_026,0.83,23,18
seq-sat-fdss-2023,ROCK,0,7,level_00_seed_007,0.44,13,13
seq-sat-fdss-2023,ROCK,0,4,level_00_seed_004,0.43,10,10
seq-sat-fdss-2023,ROCK,0,26,level_00_seed_026,0.3,9,9
seq-sat-fdss-2023,ROCK,1,4,level_01_seed_004,0.55,10,10
seq-sat-fdss-2023,ROCK,1,14,level_01_seed_014,0.13,14,14
seq-sat-fdss-2023,ROCK,3,13,level_03_seed_013,5.52,71,37
seq-sat-fdss-2023,ROCK,4,7,level_04_seed_007,6.28,56,32
seq-sat-fdss-2023,ROCK,1,24,level_01_seed_024,0.46,26,16
seq-sat-fdss-2023,ROCK,1,5,level_01_seed_005,0.47,10,10
seq-sat-fdss-2023,ROCK,4,5,level_04_seed_005,7.56,91,49
seq-sat-fdss-2023,ROCK,3,29,level_03_seed_029,5.45,100,34
seq-sat-fdss-2023,ROCK,3,2,level_03_seed_002,6.22,77,38
seq-sat-fdss-2023,ROCK,4,15,level_04_seed_015,7.19,83,41
seq-sat-fdss-2023,ROCK,0,5,level_00_seed_005,0.3,9,9
seq-sat-fdss-2023,ROCK,0,9,level_00_seed_009,0.13,14,14
seq-sat-fdss-2023,ROCK,3,21,level_03_seed_021,8.01,76,40
seq-sat-fdss-2023,ROCK,2,17,level_02_seed_017,0.13,14,14
seq-sat-fdss-2023,ROCK,2,19,level_02_seed_019,1.28,49,20
seq-sat-fdss-2023,ROCK,4,4,level_04_seed_004,5.51,81,33
seq-sat-fdss-2023,ROCK,0,28,level_00_seed_028,0.3,9,9
seq-sat-fdss-2023,ROCK,0,21,level_00_seed_021,0.12,14,14
seq-sat-fdss-2023,ROCK,0,11,level_00_seed_011,0.96,8,6
seq-sat-fdss-2023,ROCK,3,16,level_03_seed_016,9.33,33,33
seq-sat-fdss-2023,ROCK,2,24,level_02_seed_024,0.68,22,17
seq-sat-fdss-2023,ROCK,1,22,level_01_seed_022,0.44,13,13
seq-sat-fdss-2023,ROCK,3,4,level_03_seed_004,8.21,39,34
seq-sat-fdss-2023,ROCK,3,11,level_03_seed_011,7.59,53,40
seq-sat-fdss-2023,ROCK,0,29,level_00_seed_029,0.43,13,13
seq-sat-fdss-2023,ROCK,3,6,level_03_seed_006,6.85,66,32
seq-sat-fdss-2023,ROCK,1,3,level_01_seed_003,0.44,13,13
seq-sat-fdss-2023,ROCK,3,25,level_03_seed_025,7.29,102,50
seq-sat-fdss-2023,ROCK,2,29,level_02_seed_029,0.13,14,14
seq-sat-fdss-2023,ROCK,1,12,level_01_seed_012,1.73,32,19
seq-sat-fdss-2023,ROCK,2,5,level_02_seed_005,1.02,26,21
seq-sat-fdss-2023,ROCK,4,0,level_04_seed_000,8.36,66,40
seq-sat-fdss-2023,ROCK,2,23,level_02_seed_023,0.93,12,12
seq-sat-fdss-2023,ROCK,3,1,level_03_seed_001,6.76,95,47
seq-sat-fdss-2023,ROCK,4,23,level_04_seed_023,6.32,47,35
seq-sat-fdss-2023,ROCK,1,11,level_01_seed_011,0.75,33,21
seq-sat-fdss-2023,ROCK,4,10,level_04_seed_010,7.52,42,34
seq-sat-fdss-2023,ROCK,2,9,level_02_seed_009,1.89,19,17
seq-sat-fdss-2023,ROCK,1,26,level_01_seed_026,0.99,18,17
seq-sat-fdss-2023,ROCK,4,16,level_04_seed_016,8.21,42,39
seq-sat-fdss-2023,ROCK,1,27,level_01_seed_027,0.76,20,17
seq-sat-fdss-2023,ROCK,1,29,level_01_seed_029,0.45,13,13
seq-sat-fdss-2023,ROCK,1,20,level_01_seed_020,0.12,14,14
seq-sat-fdss-2023,ROCK,1,8,level_01_seed_008,0.13,14,14
seq-sat-fdss-2023,ROCK,0,15,level_00_seed_015,0.52,10,10
seq-sat-fdss-2023,ROCK,0,14,level_00_seed_014,0.44,13,13
seq-sat-fdss-2023,ROCK,1,17,level_01_seed_017,0.44,13,13
seq-sat-fdss-2023,ROCK,1,7,level_01_seed_007,1.39,45,24
seq-sat-fdss-2023,ROCK,0,25,level_00_seed_025,0.66,6,6
seq-sat-fdss-2023,ROCK,3,24,level_03_seed_024,9.67,43,37
seq-sat-fdss-2023,ROCK,0,24,level_00_seed_024,0.3,9,9
seq-sat-fdss-2023,ROCK,4,25,level_04_seed_025,8.57,76,39
seq-sat-fdss-2023,ROCK,0,1,level_00_seed_001,0.44,13,13
seq-sat-fdss-2023,ROCK,4,27,level_04_seed_027,7.35,56,41
seq-sat-fdss-2023,ROCK,2,13,level_02_seed_013,1.0,15,15
seq-sat-fdss-2023,ROCK,2,0,level_02_seed_000,0.14,14,14
seq-sat-fdss-2023,ROCK,1,6,level_01_seed_006,0.51,9,9
seq-sat-fdss-2023,ROCK,0,17,level_00_seed_017,0.44,13,13
seq-sat-fdss-2023,ROCK,3,17,level_03_seed_017,8.65,46,39
seq-sat-fdss-2023,ROCK,4,26,level_04_seed_026,10.04,92,48
seq-sat-fdss-2023,ROCK,0,18,level_00_seed_018,0.13,14,14
seq-sat-fdss-2023,ROCK,3,14,level_03_seed_014,7.99,54,36
seq-sat-fdss-2023,ROCK,4,28,level_04_seed_028,5.44,50,42
seq-sat-fdss-2023,ROCK,1,1,level_01_seed_001,0.42,12,12
seq-sat-fdss-2023,ROCK,2,21,level_02_seed_021,0.15,14,14
seq-sat-fdss-2023,ROCK,3,18,level_03_seed_018,8.78,52,49
seq-sat-fdss-2023,ROCK,0,6,level_00_seed_006,0.55,10,10
seq-sat-fdss-2023,ROCK,0,23,level_00_seed_023,0.58,16,14
seq-sat-fdss-2023,ROCK,2,7,level_02_seed_007,1.13,16,13
seq-sat-fdss-2023,ROCK,4,8,level_04_seed_008,9.65,40,36
seq-sat-fdss-2023,ROCK,0,16,level_00_seed_016,0.13,14,14
seq-sat-fdss-2023,ROCK,4,17,level_04_seed_017,7.93,92,51
seq-sat-fdss-2023,ROCK,1,0,level_01_seed_000,0.96,52,15
seq-sat-fdss-2023,ROCK,4,2,level_04_seed_002,8.78,68,42
seq-sat-fdss-2023,ROCK,2,3,level_02_seed_003,0.12,14,14
seq-sat-fdss-2023,ROCK,1,2,level_01_seed_002,0.62,13,13
seq-sat-fdss-2023,ROCK,1,18,level_01_seed_018,0.47,17,17
seq-sat-fdss-2023,ROCK,4,11,level_04_seed_011,8.19,55,42
seq-sat-fdss-2023,ROCK,3,26,level_03_seed_026,8.87,65,49
seq-sat-fdss-2023,ROCK,2,12,level_02_seed_012,1.25,23,15
seq-sat-fdss-2023,ROCK,2,18,level_02_seed_018,0.13,14,14
seq-sat-fdss-2023,ROCK,4,21,level_04_seed_021,7.97,43,35
seq-sat-fdss-2023,ROCK,3,10,level_03_seed_010,8.04,77,52
seq-sat-fdss-2023,ROCK,2,6,level_02_seed_006,0.68,27,17
seq-sat-fdss-2023,ROCK,1,15,level_01_seed_015,0.42,10,10
seq-sat-fdss-2023,ROCK,2,2,level_02_seed_002,0.47,26,16
seq-sat-fdss-2023,ROCK,3,19,level_03_seed_019,7.91,56,40
seq-sat-fdss-2023,ROCK,4,14,level_04_seed_014,6.96,72,41
seq-sat-fdss-2023,QSAT,0,10,level_00_seed_010,3.92,620,200
seq-sat-fdss-2023,QSAT,3,0,level_03_seed_000,3.68,789,272
seq-sat-fdss-2023,QSAT,4,3,level_04_seed_003,4.02,12024,206
seq-sat-fdss-2023,QSAT,2,8,level_02_seed_008,4.02,3106,336
seq-sat-fdss-2023,QSAT,3,5,level_03_seed_005,3.75,332,288
seq-sat-fdss-2023,QSAT,2,27,level_02_seed_027,3.37,562,534
seq-sat-fdss-2023,QSAT,3,12,level_03_seed_012,3.88,877,304
seq-sat-fdss-2023,QSAT,3,27,level_03_seed_027,3.51,726,558
seq-sat-fdss-2023,QSAT,2,16,level_02_seed_016,3.9,684,320
seq-sat-fdss-2023,QSAT,4,9,level_04_seed_009,3.83,975,316
seq-sat-fdss-2023,QSAT,0,19,level_00_seed_019,3.86,770,496
seq-sat-fdss-2023,QSAT,1,23,level_01_seed_023,3.85,596,488
seq-sat-fdss-2023,QSAT,2,15,level_02_seed_015,3.57,2382,596
seq-sat-fdss-2023,QSAT,3,28,level_03_seed_028,3.64,316,178
seq-sat-fdss-2023,QSAT,1,19,level_01_seed_019,3.89,256,252
seq-sat-fdss-2023,QSAT,2,4,level_02_seed_004,3.53,343,256
seq-sat-fdss-2023,QSAT,0,8,level_00_seed_008,3.93,436,418
seq-sat-fdss-2023,QSAT,3,8,level_03_seed_008,3.57,319,276
seq-sat-fdss-2023,QSAT,2,10,level_02_seed_010,3.95,979,268
seq-sat-fdss-2023,QSAT,3,7,level_03_seed_007,3.85,142,142
seq-sat-fdss-2023,QSAT,0,20,level_00_seed_020,4.22,280,128
seq-sat-fdss-2023,QSAT,2,11,level_02_seed_011,3.77,768,238
seq-sat-fdss-2023,QSAT,1,16,level_01_seed_016,3.82,588,140
seq-sat-fdss-2023,QSAT,4,20,level_04_seed_020,3.41,330,324
seq-sat-fdss-2023,QSAT,0,0,level_00_seed_000,4.24,272,228
seq-sat-fdss-2023,QSAT,4,19,level_04_seed_019,3.41,1634,1060
seq-sat-fdss-2023,QSAT,2,1,level_02_seed_001,3.86,486,462
seq-sat-fdss-2023,QSAT,3,22,level_03_seed_022,3.56,2275,180
seq-sat-fdss-2023,QSAT,1,28,level_01_seed_028,4.14,558,256
seq-sat-fdss-2023,QSAT,3,23,level_03_seed_023,3.5,531,340
seq-sat-fdss-2023,QSAT,1,21,level_01_seed_021,4.01,154,138
seq-sat-fdss-2023,QSAT,3,20,level_03_seed_020,3.53,1138,166
seq-sat-fdss-2023,QSAT,4,18,level_04_seed_018,3.67,11881,428
seq-sat-fdss-2023,QSAT,4,6,level_04_seed_006,3.82,390,316
seq-sat-fdss-2023,QSAT,4,22,level_04_seed_022,3.63,1062,292
seq-sat-fdss-2023,QSAT,0,2,level_00_seed_002,4.04,296,252
seq-sat-fdss-2023,QSAT,0,13,level_00_seed_013,4.01,2246,468
seq-sat-fdss-2023,QSAT,2,14,level_02_seed_014,3.48,721,534
seq-sat-fdss-2023,QSAT,2,22,level_02_seed_022,4.2,392,226
seq-sat-fdss-2023,QSAT,2,20,level_02_seed_020,3.72,180,142
seq-sat-fdss-2023,QSAT,0,12,level_00_seed_012,4.28,445,346
seq-sat-fdss-2023,QSAT,0,27,level_00_seed_027,3.96,983,414
seq-sat-fdss-2023,QSAT,4,12,level_04_seed_012,3.5,890,558
seq-sat-fdss-2023,QSAT,2,28,level_02_seed_028,3.6,532,280
seq-sat-fdss-2023,QSAT,3,15,level_03_seed_015,3.55,1428,302
seq-sat-fdss-2023,QSAT,1,13,level_01_seed_013,3.97,794,256
seq-sat-fdss-2023,QSAT,4,1,level_04_seed_001,3.44,562,542
seq-sat-fdss-2023,QSAT,4,29,level_04_seed_029,3.36,427,356
seq-sat-fdss-2023,QSAT,3,3,level_03_seed_003,3.63,778,558
seq-sat-fdss-2023,QSAT,4,24,level_04_seed_024,3.56,451,316
seq-sat-fdss-2023,QSAT,1,10,level_01_seed_010,3.63,438,418
seq-sat-fdss-2023,QSAT,0,3,level_00_seed_003,4.18,734,680
seq-sat-fdss-2023,QSAT,1,9,level_01_seed_009,4.31,163,140
seq-sat-fdss-2023,QSAT,2,25,level_02_seed_025,3.67,367,302
seq-sat-fdss-2023,QSAT,4,13,level_04_seed_013,4.16,24152,196
seq-sat-fdss-2023,QSAT,1,25,level_01_seed_025,3.88,263,212
seq-sat-fdss-2023,QSAT,3,9,level_03_seed_009,3.71,1296,580
seq-sat-fdss-2023,QSAT,0,22,level_00_seed_022,4.48,159,130
seq-sat-fdss-2023,QSAT,2,26,level_02_seed_026,3.48,1913,504
seq-sat-fdss-2023,QSAT,0,7,level_00_seed_007,4.1,588,418
seq-sat-fdss-2023,QSAT,0,4,level_00_seed_004,4.46,180,120
seq-sat-fdss-2023,QSAT,0,26,level_00_seed_026,4.49,344,326
seq-sat-fdss-2023,QSAT,1,4,level_01_seed_004,3.85,221,142
seq-sat-fdss-2023,QSAT,1,14,level_01_seed_014,3.9,448,284
seq-sat-fdss-2023,QSAT,3,13,level_03_seed_013,3.72,575,288
seq-sat-fdss-2023,QSAT,4,7,level_04_seed_007,3.55,691,320
seq-sat-fdss-2023,QSAT,1,24,level_01_seed_024,4.63,1111,290
seq-sat-fdss-2023,QSAT,1,5,level_01_seed_005,4.14,267,216
seq-sat-fdss-2023,QSAT,4,5,level_04_seed_005,4.11,644,340
seq-sat-fdss-2023,QSAT,3,29,level_03_seed_029,3.85,2403,158
seq-sat-fdss-2023,QSAT,3,2,level_03_seed_002,3.6,1247,264
seq-sat-fdss-2023,QSAT,4,15,level_04_seed_015,4.12,387,356
seq-sat-fdss-2023,QSAT,0,5,level_00_seed_005,4.12,224,220
seq-sat-fdss-2023,QSAT,0,9,level_00_seed_009,3.93,428,402
seq-sat-fdss-2023,QSAT,3,21,level_03_seed_021,3.52,780,154
seq-sat-fdss-2023,QSAT,2,17,level_02_seed_017,3.9,1106,324
seq-sat-fdss-2023,QSAT,2,19,level_02_seed_019,3.81,338,288
seq-sat-fdss-2023,QSAT,4,4,level_04_seed_004,3.57,607,328
seq-sat-fdss-2023,QSAT,0,28,level_00_seed_028,4.15,529,208
seq-sat-fdss-2023,QSAT,0,21,level_00_seed_021,4.14,638,392
seq-sat-fdss-2023,QSAT,0,11,level_00_seed_011,3.91,705,450
seq-sat-fdss-2023,QSAT,3,16,level_03_seed_016,3.99,2346,154
seq-sat-fdss-2023,QSAT,2,24,level_02_seed_024,3.63,896,824
seq-sat-fdss-2023,QSAT,1,22,level_01_seed_022,3.84,1785,280
seq-sat-fdss-2023,QSAT,3,4,level_03_seed_004,3.5,640,344
seq-sat-fdss-2023,QSAT,3,11,level_03_seed_011,3.54,306,300
seq-sat-fdss-2023,QSAT,0,29,level_00_seed_029,4.01,379,232
seq-sat-fdss-2023,QSAT,3,6,level_03_seed_006,3.55,495,316
seq-sat-fdss-2023,QSAT,1,3,level_01_seed_003,4.38,445,136
seq-sat-fdss-2023,QSAT,3,25,level_03_seed_025,3.59,658,296
seq-sat-fdss-2023,QSAT,2,29,level_02_seed_029,3.61,1929,640
seq-sat-fdss-2023,QSAT,1,12,level_01_seed_012,4.06,250,244
seq-sat-fdss-2023,QSAT,2,5,level_02_seed_005,3.82,529,300
seq-sat-fdss-2023,QSAT,4,0,level_04_seed_000,3.67,1632,376
seq-sat-fdss-2023,QSAT,2,23,level_02_seed_023,4.08,902,252
seq-sat-fdss-2023,QSAT,3,1,level_03_seed_001,3.7,1383,336
seq-sat-fdss-2023,QSAT,4,23,level_04_seed_023,3.46,4443,418
seq-sat-fdss-2023,QSAT,1,11,level_01_seed_011,3.84,881,724
seq-sat-fdss-2023,QSAT,4,10,level_04_seed_010,3.45,2853,348
seq-sat-fdss-2023,QSAT,2,9,level_02_seed_009,3.61,439,228
seq-sat-fdss-2023,QSAT,1,26,level_01_seed_026,3.82,1089,254
seq-sat-fdss-2023,QSAT,4,16,level_04_seed_016,3.65,2255,184
seq-sat-fdss-2023,QSAT,1,27,level_01_seed_027,4.08,358,272
seq-sat-fdss-2023,QSAT,1,29,level_01_seed_029,4.02,320,268
seq-sat-fdss-2023,QSAT,1,20,level_01_seed_020,3.62,1257,442
seq-sat-fdss-2023,QSAT,1,8,level_01_seed_008,4.0,375,256
seq-sat-fdss-2023,QSAT,0,15,level_00_seed_015,4.13,417,180
seq-sat-fdss-2023,QSAT,0,14,level_00_seed_014,4.32,192,118
seq-sat-fdss-2023,QSAT,1,17,level_01_seed_017,4.14,661,140
seq-sat-fdss-2023,QSAT,1,7,level_01_seed_007,3.93,571,386
seq-sat-fdss-2023,QSAT,0,25,level_00_seed_025,3.86,1009,852
seq-sat-fdss-2023,QSAT,3,24,level_03_seed_024,3.6,607,280
seq-sat-fdss-2023,QSAT,0,24,level_00_seed_024,4.13,1610,132
seq-sat-fdss-2023,QSAT,4,25,level_04_seed_025,4.99,54698,258
seq-sat-fdss-2023,QSAT,0,1,level_00_seed_001,3.93,516,422
seq-sat-fdss-2023,QSAT,4,27,level_04_seed_027,3.72,9491,412
seq-sat-fdss-2023,QSAT,2,13,level_02_seed_013,3.49,1088,288
seq-sat-fdss-2023,QSAT,2,0,level_02_seed_000,3.79,336,236
seq-sat-fdss-2023,QSAT,1,6,level_01_seed_006,4.1,489,196
seq-sat-fdss-2023,QSAT,0,17,level_00_seed_017,4.06,134,124
seq-sat-fdss-2023,QSAT,3,17,level_03_seed_017,3.66,492,268
seq-sat-fdss-2023,QSAT,4,26,level_04_seed_026,3.47,3497,738
seq-sat-fdss-2023,QSAT,0,18,level_00_seed_018,3.97,240,236
seq-sat-fdss-2023,QSAT,3,14,level_03_seed_014,3.57,1297,516
seq-sat-fdss-2023,QSAT,4,28,level_04_seed_028,3.59,683,194
seq-sat-fdss-2023,QSAT,1,1,level_01_seed_001,4.08,1239,272
seq-sat-fdss-2023,QSAT,2,21,level_02_seed_021,3.96,358,296
seq-sat-fdss-2023,QSAT,3,18,level_03_seed_018,3.53,1474,350
seq-sat-fdss-2023,QSAT,0,6,level_00_seed_006,3.67,962,784
seq-sat-fdss-2023,QSAT,0,23,level_00_seed_023,4.16,1477,460
seq-sat-fdss-2023,QSAT,2,7,level_02_seed_007,3.83,176,148
seq-sat-fdss-2023,QSAT,4,8,level_04_seed_008,3.62,525,356
seq-sat-fdss-2023,QSAT,0,16,level_00_seed_016,4.34,184,180
seq-sat-fdss-2023,QSAT,4,17,level_04_seed_017,3.76,818,188
seq-sat-fdss-2023,QSAT,1,0,level_01_seed_000,3.93,1162,534
seq-sat-fdss-2023,QSAT,4,2,level_04_seed_002,3.63,4153,366
seq-sat-fdss-2023,QSAT,2,3,level_02_seed_003,3.47,973,260
seq-sat-fdss-2023,QSAT,1,2,level_01_seed_002,3.87,680,446
seq-sat-fdss-2023,QSAT,1,18,level_01_seed_018,3.52,331,252
seq-sat-fdss-2023,QSAT,4,11,level_04_seed_011,3.5,768,352
seq-sat-fdss-2023,QSAT,3,26,level_03_seed_026,3.97,5742,176
seq-sat-fdss-2023,QSAT,2,12,level_02_seed_012,3.62,1136,526
seq-sat-fdss-2023,QSAT,2,18,level_02_seed_018,3.79,3322,152
seq-sat-fdss-2023,QSAT,4,21,level_04_seed_021,4.01,2976,200
seq-sat-fdss-2023,QSAT,3,10,level_03_seed_010,3.59,979,350
seq-sat-fdss-2023,QSAT,2,6,level_02_seed_006,3.61,828,290
seq-sat-fdss-2023,QSAT,1,15,level_01_seed_015,3.9,266,260
seq-sat-fdss-2023,QSAT,2,2,level_02_seed_002,3.87,234,228
seq-sat-fdss-2023,QSAT,3,19,level_03_seed_019,3.56,349,180
seq-sat-fdss-2023,QSAT,4,14,level_04_seed_014,3.9,238,200